﻿<?xml version="1.0" encoding="UTF-8" standalone="no"?>
<ComponentDefinition xmlns:xsi="http://www.w3.org/2001/XMLSchema-instance" xmlns:xsd="http://www.w3.org/2001/XMLSchema" xmlns="http://www.ironspeed.com/designer">
  <Generator>Iron Speed Designer</Generator>
  <Version>9.0.1</Version>
  <Self>
    <Name>DatePaginationMobile</Name>
    <Type>DatePagination</Type>
    <SubType>DotNet</SubType>
    <GenerateDirectory>Shared</GenerateDirectory>
    <Layout>Shared\DatePaginationMobile.html</Layout>
    <DisplayName>DatePaginationMobile</DisplayName>
    <Description>(Description)</Description>
    <DeviceSize>Small</DeviceSize>
  </Self>
  <ComposedOf>
    <ContainedComponent>
      <Name>_IntervalDropdown</Name>
      <Type>Aspx</Type>
      <PassthroughAttributes>
        <Attribute>
          <Name>CommandName</Name>
          <Value>IntervalDropdown</Value>
        </Attribute>
      </PassthroughAttributes>
      <ControlClass>System.Web.UI.WebControls.DropDownList</ControlClass>
    </ContainedComponent>
    <ContainedComponent>
      <Name>NextPageInterval</Name>
      <Type>Button</Type>
      <Layout>..\Shared\ThemeButtonMobile.ascx</Layout>
      <PassthroughAttributes>
        <Attribute>
          <Name>Button-CausesValidation</Name>
          <Value>False</Value>
        </Attribute>
        <Attribute>
          <Name>Button-CommandName</Name>
          <Value>NextPageInterval</Value>
        </Attribute>
        <Attribute>
          <Name>Button-Consumers</Name>
          <Value>page</Value>
        </Attribute>
        <Attribute>
          <Name>PostBack</Name>
          <Value>False</Value>
        </Attribute>
      </PassthroughAttributes>
    </ContainedComponent>
    <ContainedComponent>
      <Name>PageTitle</Name>
      <Type>Literal</Type>
      <PassthroughAttributes>
        <Attribute>
          <Name>Text</Name>
          <Value>Blank page</Value>
        </Attribute>
      </PassthroughAttributes>
    </ContainedComponent>
    <ContainedComponent>
      <Name>PreviousPageInterval</Name>
      <Type>Button</Type>
      <Layout>..\Shared\ThemeButtonMobile.ascx</Layout>
      <PassthroughAttributes>
        <Attribute>
          <Name>Button-CausesValidation</Name>
          <Value>False</Value>
        </Attribute>
        <Attribute>
          <Name>Button-CommandName</Name>
          <Value>PreviousPageInterval</Value>
        </Attribute>
        <Attribute>
          <Name>Button-Consumers</Name>
          <Value>page</Value>
        </Attribute>
        <Attribute>
          <Name>PostBack</Name>
          <Value>False</Value>
        </Attribute>
      </PassthroughAttributes>
    </ContainedComponent>
    <ContainedComponent>
      <Name>StartDate1</Name>
      <Type>Literal</Type>
      <PassthroughAttributes>
        <Attribute>
          <Name>Visible</Name>
          <Value>False</Value>
        </Attribute>
      </PassthroughAttributes>
    </ContainedComponent>
    <ContainedComponent>
      <Name>UpdatePanel1</Name>
      <Type>UpdatePanel</Type>
      <PassthroughAttributes>
        <Attribute>
          <Name>SmoothPanelUpdate</Name>
          <Value>False</Value>
        </Attribute>
      </PassthroughAttributes>
    </ContainedComponent>
  </ComposedOf>
  <LayoutDefinition>&lt;![CDATA[&lt;?xml version="1.0" encoding="utf-16"?&gt;
&lt;LayoutDefinition xmlns:xsi="http://www.w3.org/2001/XMLSchema-instance" xmlns:xsd="http://www.w3.org/2001/XMLSchema"&gt;
  &lt;Layout Name="UserControl" Type="RootLayout"&gt;
    &lt;Prolog&gt;
      &lt;Value&gt;&amp;lt;asp:Content id="PageSection" ContentPlaceHolderID="PageContent" Runat="server"&amp;gt;
    &amp;lt;a id="StartOfPageContent"&amp;gt;&amp;lt;/a&amp;gt;
    &amp;lt;GEN:UPDATEPANEL NAME="UpdatePanel1"&amp;gt;
                &lt;/Value&gt;
    &lt;/Prolog&gt;
    &lt;Row&gt;
      &lt;Cell&gt;
        &lt;Value&gt;&amp;lt;GEN:BUTTON NAME="PreviousPageInterval" /&amp;gt;&lt;/Value&gt;
        &lt;CellAttributes&gt;
          &lt;Attribute&gt;
            &lt;Name&gt;style&lt;/Name&gt;
            &lt;AttributeValue&gt;text-align:right;&lt;/AttributeValue&gt;
          &lt;/Attribute&gt;
        &lt;/CellAttributes&gt;
      &lt;/Cell&gt;
      &lt;Cell&gt;
        &lt;Value&gt;&amp;lt;asp:dropdownlist id="_IntervalDropdown" runat="server" cssclass="mobileFieldInput" autopostback="True" /&amp;gt;&lt;/Value&gt;
        &lt;CellAttributes&gt;
          &lt;Attribute&gt;
            &lt;Name&gt;class&lt;/Name&gt;
            &lt;AttributeValue&gt;mobileFieldValueOnBottom&lt;/AttributeValue&gt;
          &lt;/Attribute&gt;
          &lt;Attribute&gt;
            &lt;Name&gt;width&lt;/Name&gt;
            &lt;AttributeValue&gt;300px&lt;/AttributeValue&gt;
          &lt;/Attribute&gt;
          &lt;Attribute&gt;
            &lt;Name&gt;style&lt;/Name&gt;
            &lt;AttributeValue&gt;text-align:center;&lt;/AttributeValue&gt;
          &lt;/Attribute&gt;
        &lt;/CellAttributes&gt;
      &lt;/Cell&gt;
      &lt;Cell&gt;
        &lt;Value&gt;&amp;lt;GEN:BUTTON NAME="NextPageInterval" /&amp;gt;&lt;/Value&gt;
        &lt;CellAttributes&gt;
          &lt;Attribute&gt;
            &lt;Name&gt;style&lt;/Name&gt;
            &lt;AttributeValue&gt;text-align:left;&lt;/AttributeValue&gt;
          &lt;/Attribute&gt;
        &lt;/CellAttributes&gt;
      &lt;/Cell&gt;
      &lt;Cell&gt;
        &lt;Value&gt;&amp;lt;GEN:LITERAL Name="StartDate1" /&amp;gt;&lt;/Value&gt;
        &lt;CellAttributes&gt;
          &lt;Attribute&gt;
            &lt;Name&gt;style&lt;/Name&gt;
            &lt;AttributeValue&gt;text-align:left;&lt;/AttributeValue&gt;
          &lt;/Attribute&gt;
          &lt;Attribute&gt;
            &lt;Name&gt;nowrap&lt;/Name&gt;
            &lt;AttributeValue&gt;true&lt;/AttributeValue&gt;
          &lt;/Attribute&gt;
        &lt;/CellAttributes&gt;
      &lt;/Cell&gt;
      &lt;RowAttributes /&gt;
    &lt;/Row&gt;
    &lt;Epilog&gt;
      &lt;Value&gt;
    &amp;lt;/GEN:UPDATEPANEL&amp;gt;
    &amp;lt;div id="detailPopup" class="detailRolloverPopup" onmouseout="detailRolloverPopupClose();" onmouseover="clearTimeout(gPopupTimer);"&amp;gt;&amp;lt;/div&amp;gt;
    &amp;lt;asp:ValidationSummary id="ValidationSummary1" ShowMessageBox="true" ShowSummary="false" runat="server"&amp;gt;&amp;lt;/asp:ValidationSummary&amp;gt;
&amp;lt;/asp:Content&amp;gt;
                &lt;/Value&gt;
    &lt;/Epilog&gt;
    &lt;TableAttributes&gt;
      &lt;Attribute&gt;
        &lt;Name&gt;cellpadding&lt;/Name&gt;
        &lt;AttributeValue&gt;0&lt;/AttributeValue&gt;
      &lt;/Attribute&gt;
      &lt;Attribute&gt;
        &lt;Name&gt;cellspacing&lt;/Name&gt;
        &lt;AttributeValue&gt;0&lt;/AttributeValue&gt;
      &lt;/Attribute&gt;
      &lt;Attribute&gt;
        &lt;Name&gt;border&lt;/Name&gt;
        &lt;AttributeValue&gt;0&lt;/AttributeValue&gt;
      &lt;/Attribute&gt;
    &lt;/TableAttributes&gt;
  &lt;/Layout&gt;
&lt;/LayoutDefinition&gt;]]&gt;</LayoutDefinition>
</ComponentDefinition>