﻿<?xml version="1.0" encoding="UTF-8" standalone="no"?>
<ComponentDefinition xmlns:xsi="http://www.w3.org/2001/XMLSchema-instance" xmlns:xsd="http://www.w3.org/2001/XMLSchema" xmlns="http://www.ironspeed.com/designer">
  <Generator>Iron Speed Designer</Generator>
  <Version>9.0.1</Version>
  <Self>
    <Name>DatePagination</Name>
    <Type>DatePagination</Type>
    <SubType>DotNet</SubType>
    <GenerateDirectory>Shared</GenerateDirectory>
    <Layout>Shared\DatePagination.html</Layout>
    <DisplayName>DatePagination</DisplayName>
    <Description>(Description)</Description>
  </Self>
  <ComposedOf>
    <ContainedComponent>
      <Name>Day</Name>
      <Type>LinkButton</Type>
      <PassthroughAttributes>
        <Attribute>
          <Name>CausesValidation</Name>
          <Value>False</Value>
        </Attribute>
        <Attribute>
          <Name>CommandName</Name>
          <Value>Day</Value>
        </Attribute>
        <Attribute>
          <Name>Text</Name>
          <Value>Btn:Day</Value>
          <Type>ResourceReference</Type>
        </Attribute>
        <Attribute>
          <Name>ToolTip</Name>
          <Value>Btn:Day</Value>
          <Type>ResourceReference</Type>
        </Attribute>
      </PassthroughAttributes>
    </ContainedComponent>
    <ContainedComponent>
      <Name>Day1</Name>
      <Type>Literal</Type>
      <PassthroughAttributes>
        <Attribute>
          <Name>Text</Name>
          <Value>Btn:Day</Value>
          <Type>ResourceReference</Type>
        </Attribute>
      </PassthroughAttributes>
    </ContainedComponent>
    <ContainedComponent>
      <Name>Month</Name>
      <Type>LinkButton</Type>
      <PassthroughAttributes>
        <Attribute>
          <Name>CausesValidation</Name>
          <Value>False</Value>
        </Attribute>
        <Attribute>
          <Name>CommandName</Name>
          <Value>Month</Value>
        </Attribute>
        <Attribute>
          <Name>Text</Name>
          <Value>Btn:Month</Value>
          <Type>ResourceReference</Type>
        </Attribute>
        <Attribute>
          <Name>ToolTip</Name>
          <Value>Btn:Month</Value>
          <Type>ResourceReference</Type>
        </Attribute>
      </PassthroughAttributes>
    </ContainedComponent>
    <ContainedComponent>
      <Name>Month1</Name>
      <Type>Literal</Type>
      <PassthroughAttributes>
        <Attribute>
          <Name>Text</Name>
          <Value>Btn:Month</Value>
          <Type>ResourceReference</Type>
        </Attribute>
      </PassthroughAttributes>
    </ContainedComponent>
    <ContainedComponent>
      <Name>NextInterval</Name>
      <Type>Button</Type>
      <Layout>..\Shared\ThemeButton.ascx</Layout>
      <PassthroughAttributes>
        <Attribute>
          <Name>Button-CausesValidation</Name>
          <Value>False</Value>
        </Attribute>
        <Attribute>
          <Name>Button-CommandName</Name>
          <Value>NextInterval</Value>
        </Attribute>
        <Attribute>
          <Name>Button-Consumers</Name>
          <Value>page</Value>
        </Attribute>
        <Attribute>
          <Name>Button-Text</Name>
          <Value>+</Value>
        </Attribute>
        <Attribute>
          <Name>Button-ToolTip</Name>
          <Value>+</Value>
        </Attribute>
        <Attribute>
          <Name>PostBack</Name>
          <Value>False</Value>
        </Attribute>
      </PassthroughAttributes>
    </ContainedComponent>
    <ContainedComponent>
      <Name>NextPageInterval</Name>
      <Type>Button</Type>
      <Layout>..\Shared\ThemeButton.ascx</Layout>
      <PassthroughAttributes>
        <Attribute>
          <Name>Button-CausesValidation</Name>
          <Value>False</Value>
        </Attribute>
        <Attribute>
          <Name>Button-CommandName</Name>
          <Value>NextPageInterval</Value>
        </Attribute>
        <Attribute>
          <Name>Button-Consumers</Name>
          <Value>page</Value>
        </Attribute>
        <Attribute>
          <Name>PostBack</Name>
          <Value>False</Value>
        </Attribute>
      </PassthroughAttributes>
    </ContainedComponent>
    <ContainedComponent>
      <Name>PageTitle</Name>
      <Type>Literal</Type>
      <PassthroughAttributes>
        <Attribute>
          <Name>Text</Name>
          <Value>Blank page</Value>
        </Attribute>
      </PassthroughAttributes>
    </ContainedComponent>
    <ContainedComponent>
      <Name>PreviousInterval</Name>
      <Type>Button</Type>
      <Layout>..\Shared\ThemeButton.ascx</Layout>
      <PassthroughAttributes>
        <Attribute>
          <Name>Button-CausesValidation</Name>
          <Value>False</Value>
        </Attribute>
        <Attribute>
          <Name>Button-CommandName</Name>
          <Value>PreviousInterval</Value>
        </Attribute>
        <Attribute>
          <Name>Button-Consumers</Name>
          <Value>page</Value>
        </Attribute>
        <Attribute>
          <Name>Button-Text</Name>
          <Value>-</Value>
        </Attribute>
        <Attribute>
          <Name>Button-ToolTip</Name>
          <Value>-</Value>
        </Attribute>
        <Attribute>
          <Name>PostBack</Name>
          <Value>False</Value>
        </Attribute>
      </PassthroughAttributes>
    </ContainedComponent>
    <ContainedComponent>
      <Name>PreviousPageInterval</Name>
      <Type>Button</Type>
      <Layout>..\Shared\ThemeButton.ascx</Layout>
      <PassthroughAttributes>
        <Attribute>
          <Name>Button-CausesValidation</Name>
          <Value>False</Value>
        </Attribute>
        <Attribute>
          <Name>Button-CommandName</Name>
          <Value>PreviousPageInterval</Value>
        </Attribute>
        <Attribute>
          <Name>Button-Consumers</Name>
          <Value>page</Value>
        </Attribute>
        <Attribute>
          <Name>PostBack</Name>
          <Value>False</Value>
        </Attribute>
      </PassthroughAttributes>
    </ContainedComponent>
    <ContainedComponent>
      <Name>Quarter</Name>
      <Type>LinkButton</Type>
      <PassthroughAttributes>
        <Attribute>
          <Name>CausesValidation</Name>
          <Value>False</Value>
        </Attribute>
        <Attribute>
          <Name>CommandName</Name>
          <Value>Quarter</Value>
        </Attribute>
        <Attribute>
          <Name>Text</Name>
          <Value>Btn:Quarter</Value>
          <Type>ResourceReference</Type>
        </Attribute>
        <Attribute>
          <Name>ToolTip</Name>
          <Value>Btn:Quarter</Value>
          <Type>ResourceReference</Type>
        </Attribute>
      </PassthroughAttributes>
    </ContainedComponent>
    <ContainedComponent>
      <Name>Quarter1</Name>
      <Type>Literal</Type>
      <PassthroughAttributes>
        <Attribute>
          <Name>Text</Name>
          <Value>Btn:Quarter</Value>
          <Type>ResourceReference</Type>
        </Attribute>
      </PassthroughAttributes>
    </ContainedComponent>
    <ContainedComponent>
      <Name>StartDate1</Name>
      <Type>Literal</Type>
      <PassthroughAttributes>
        <Attribute>
          <Name>Visible</Name>
          <Value>False</Value>
        </Attribute>
      </PassthroughAttributes>
    </ContainedComponent>
    <ContainedComponent>
      <Name>UpdatePanel1</Name>
      <Type>UpdatePanel</Type>
      <PassthroughAttributes>
        <Attribute>
          <Name>SmoothPanelUpdate</Name>
          <Value>False</Value>
        </Attribute>
      </PassthroughAttributes>
    </ContainedComponent>
    <ContainedComponent>
      <Name>Week</Name>
      <Type>LinkButton</Type>
      <PassthroughAttributes>
        <Attribute>
          <Name>CausesValidation</Name>
          <Value>False</Value>
        </Attribute>
        <Attribute>
          <Name>CommandName</Name>
          <Value>Week</Value>
        </Attribute>
        <Attribute>
          <Name>Text</Name>
          <Value>Btn:Week</Value>
          <Type>ResourceReference</Type>
        </Attribute>
        <Attribute>
          <Name>ToolTip</Name>
          <Value>Btn:Week</Value>
          <Type>ResourceReference</Type>
        </Attribute>
      </PassthroughAttributes>
    </ContainedComponent>
    <ContainedComponent>
      <Name>Week1</Name>
      <Type>Literal</Type>
      <PassthroughAttributes>
        <Attribute>
          <Name>Text</Name>
          <Value>Btn:Week</Value>
          <Type>ResourceReference</Type>
        </Attribute>
      </PassthroughAttributes>
    </ContainedComponent>
    <ContainedComponent>
      <Name>Year</Name>
      <Type>LinkButton</Type>
      <PassthroughAttributes>
        <Attribute>
          <Name>CausesValidation</Name>
          <Value>False</Value>
        </Attribute>
        <Attribute>
          <Name>CommandName</Name>
          <Value>Year</Value>
        </Attribute>
        <Attribute>
          <Name>Enabled</Name>
          <Value>True</Value>
        </Attribute>
        <Attribute>
          <Name>Text</Name>
          <Value>Btn:Year</Value>
          <Type>ResourceReference</Type>
        </Attribute>
        <Attribute>
          <Name>ToolTip</Name>
          <Value>Btn:Year</Value>
          <Type>ResourceReference</Type>
        </Attribute>
      </PassthroughAttributes>
    </ContainedComponent>
    <ContainedComponent>
      <Name>Year1</Name>
      <Type>Literal</Type>
      <PassthroughAttributes>
        <Attribute>
          <Name>Text</Name>
          <Value>Btn:Year</Value>
          <Type>ResourceReference</Type>
        </Attribute>
      </PassthroughAttributes>
    </ContainedComponent>
  </ComposedOf>
  <LayoutDefinition>&lt;![CDATA[&lt;?xml version="1.0" encoding="utf-16"?&gt;
&lt;LayoutDefinition xmlns:xsi="http://www.w3.org/2001/XMLSchema-instance" xmlns:xsd="http://www.w3.org/2001/XMLSchema"&gt;
  &lt;Layout Name="UserControl" Type="RootLayout"&gt;
    &lt;Prolog&gt;
      &lt;Value&gt;&amp;lt;asp:Content id="PageSection" ContentPlaceHolderID="PageContent" Runat="server"&amp;gt;
    &amp;lt;a id="StartOfPageContent"&amp;gt;&amp;lt;/a&amp;gt;
    &amp;lt;GEN:UPDATEPANEL NAME="UpdatePanel1"&amp;gt;
                &lt;/Value&gt;
    &lt;/Prolog&gt;
    &lt;Row&gt;
      &lt;Cell&gt;
        &lt;Value&gt;&amp;lt;GEN:BUTTON NAME="PreviousPageInterval" /&amp;gt;&lt;/Value&gt;
        &lt;CellAttributes&gt;
          &lt;Attribute&gt;
            &lt;Name&gt;style&lt;/Name&gt;
            &lt;AttributeValue&gt;text-align:center;&lt;/AttributeValue&gt;
          &lt;/Attribute&gt;
        &lt;/CellAttributes&gt;
      &lt;/Cell&gt;
      &lt;Cell&gt;
        &lt;Value&gt;&amp;lt;GEN:BUTTON NAME="PreviousInterval" /&amp;gt;&lt;/Value&gt;
        &lt;CellAttributes&gt;
          &lt;Attribute&gt;
            &lt;Name&gt;style&lt;/Name&gt;
            &lt;AttributeValue&gt;text-align:center;&lt;/AttributeValue&gt;
          &lt;/Attribute&gt;
        &lt;/CellAttributes&gt;
      &lt;/Cell&gt;
      &lt;Cell&gt;
        &lt;Value&gt;&amp;lt;GEN:LINKBUTTON NAME="Day" /&amp;gt;&amp;lt;GEN:LITERAL Name="Day1" /&amp;gt;&lt;/Value&gt;
        &lt;CellAttributes&gt;
          &lt;Attribute&gt;
            &lt;Name&gt;class&lt;/Name&gt;
            &lt;AttributeValue&gt;dfv&lt;/AttributeValue&gt;
          &lt;/Attribute&gt;
        &lt;/CellAttributes&gt;
      &lt;/Cell&gt;
      &lt;Cell&gt;
        &lt;Value&gt;&amp;amp;nbsp;&lt;/Value&gt;
        &lt;CellAttributes /&gt;
      &lt;/Cell&gt;
      &lt;Cell&gt;
        &lt;Value&gt;&amp;lt;GEN:LINKBUTTON NAME="Week" /&amp;gt;&amp;lt;GEN:LITERAL Name="Week1" /&amp;gt;&lt;/Value&gt;
        &lt;CellAttributes&gt;
          &lt;Attribute&gt;
            &lt;Name&gt;class&lt;/Name&gt;
            &lt;AttributeValue&gt;dfv&lt;/AttributeValue&gt;
          &lt;/Attribute&gt;
        &lt;/CellAttributes&gt;
      &lt;/Cell&gt;
      &lt;Cell&gt;
        &lt;Value&gt;&amp;amp;nbsp;&lt;/Value&gt;
        &lt;CellAttributes /&gt;
      &lt;/Cell&gt;
      &lt;Cell&gt;
        &lt;Value&gt;&amp;lt;GEN:LINKBUTTON NAME="Month" /&amp;gt;&amp;lt;GEN:LITERAL Name="Month1" /&amp;gt;&lt;/Value&gt;
        &lt;CellAttributes&gt;
          &lt;Attribute&gt;
            &lt;Name&gt;class&lt;/Name&gt;
            &lt;AttributeValue&gt;dfv&lt;/AttributeValue&gt;
          &lt;/Attribute&gt;
        &lt;/CellAttributes&gt;
      &lt;/Cell&gt;
      &lt;Cell&gt;
        &lt;Value&gt;&amp;amp;nbsp;&lt;/Value&gt;
        &lt;CellAttributes /&gt;
      &lt;/Cell&gt;
      &lt;Cell&gt;
        &lt;Value&gt;&amp;lt;GEN:LINKBUTTON NAME="Quarter" /&amp;gt;&amp;lt;GEN:LITERAL Name="Quarter1" /&amp;gt;&lt;/Value&gt;
        &lt;CellAttributes&gt;
          &lt;Attribute&gt;
            &lt;Name&gt;class&lt;/Name&gt;
            &lt;AttributeValue&gt;dfv&lt;/AttributeValue&gt;
          &lt;/Attribute&gt;
        &lt;/CellAttributes&gt;
      &lt;/Cell&gt;
      &lt;Cell&gt;
        &lt;Value&gt;&amp;amp;nbsp;&lt;/Value&gt;
        &lt;CellAttributes /&gt;
      &lt;/Cell&gt;
      &lt;Cell&gt;
        &lt;Value&gt;&amp;lt;GEN:LINKBUTTON NAME="Year" /&amp;gt; 
&amp;lt;GEN:LITERAL Name="Year1" /&amp;gt;&lt;/Value&gt;
        &lt;CellAttributes&gt;
          &lt;Attribute&gt;
            &lt;Name&gt;class&lt;/Name&gt;
            &lt;AttributeValue&gt;dfv&lt;/AttributeValue&gt;
          &lt;/Attribute&gt;
        &lt;/CellAttributes&gt;
      &lt;/Cell&gt;
      &lt;Cell&gt;
        &lt;Value&gt;&amp;lt;GEN:BUTTON NAME="NextInterval" /&amp;gt;&lt;/Value&gt;
        &lt;CellAttributes&gt;
          &lt;Attribute&gt;
            &lt;Name&gt;style&lt;/Name&gt;
            &lt;AttributeValue&gt;text-align:center;&lt;/AttributeValue&gt;
          &lt;/Attribute&gt;
        &lt;/CellAttributes&gt;
      &lt;/Cell&gt;
      &lt;Cell&gt;
        &lt;Value&gt;&amp;lt;GEN:BUTTON NAME="NextPageInterval" /&amp;gt;&lt;/Value&gt;
        &lt;CellAttributes&gt;
          &lt;Attribute&gt;
            &lt;Name&gt;style&lt;/Name&gt;
            &lt;AttributeValue&gt;text-align:center;&lt;/AttributeValue&gt;
          &lt;/Attribute&gt;
        &lt;/CellAttributes&gt;
      &lt;/Cell&gt;
      &lt;Cell&gt;
        &lt;Value&gt;&amp;lt;GEN:LITERAL Name="StartDate1" /&amp;gt;&lt;/Value&gt;
        &lt;CellAttributes&gt;
          &lt;Attribute&gt;
            &lt;Name&gt;style&lt;/Name&gt;
            &lt;AttributeValue&gt;text-align:left;&lt;/AttributeValue&gt;
          &lt;/Attribute&gt;
          &lt;Attribute&gt;
            &lt;Name&gt;nowrap&lt;/Name&gt;
            &lt;AttributeValue&gt;true&lt;/AttributeValue&gt;
          &lt;/Attribute&gt;
        &lt;/CellAttributes&gt;
      &lt;/Cell&gt;
      &lt;RowAttributes /&gt;
    &lt;/Row&gt;
    &lt;Epilog&gt;
      &lt;Value&gt;
    &amp;lt;/GEN:UPDATEPANEL&amp;gt;
    &amp;lt;div id="detailPopup" class="detailRolloverPopup" onmouseout="detailRolloverPopupClose();" onmouseover="clearTimeout(gPopupTimer);"&amp;gt;&amp;lt;/div&amp;gt;
    &amp;lt;asp:ValidationSummary id="ValidationSummary1" ShowMessageBox="true" ShowSummary="false" runat="server"&amp;gt;&amp;lt;/asp:ValidationSummary&amp;gt;
&amp;lt;/asp:Content&amp;gt;
                &lt;/Value&gt;
    &lt;/Epilog&gt;
    &lt;TableAttributes&gt;
      &lt;Attribute&gt;
        &lt;Name&gt;cellpadding&lt;/Name&gt;
        &lt;AttributeValue&gt;0&lt;/AttributeValue&gt;
      &lt;/Attribute&gt;
      &lt;Attribute&gt;
        &lt;Name&gt;cellspacing&lt;/Name&gt;
        &lt;AttributeValue&gt;0&lt;/AttributeValue&gt;
      &lt;/Attribute&gt;
      &lt;Attribute&gt;
        &lt;Name&gt;border&lt;/Name&gt;
        &lt;AttributeValue&gt;0&lt;/AttributeValue&gt;
      &lt;/Attribute&gt;
    &lt;/TableAttributes&gt;
  &lt;/Layout&gt;
&lt;/LayoutDefinition&gt;]]&gt;</LayoutDefinition>
</ComponentDefinition>