﻿<?xml version="1.0" encoding="UTF-8" standalone="no"?>
<ComponentDefinition xmlns:xsi="http://www.w3.org/2001/XMLSchema-instance" xmlns:xsd="http://www.w3.org/2001/XMLSchema" xmlns="http://www.ironspeed.com/designer">
  <Generator>Iron Speed Designer</Generator>
  <Version>9.0.1</Version>
  <Self>
    <Name>AdminLogs</Name>
    <Type>Page</Type>
    <SubType>DotNet</SubType>
    <MasterLayout>../Master Pages/VerticalMenu.master</MasterLayout>
    <GenerateDirectory>logs</GenerateDirectory>
    <Layout>logs\AdminLogs.xml</Layout>
    <DisplayName>AdminLogs</DisplayName>
    <Description>This is a blank page.</Description>
    <CheckSum>-1732514967-1132</CheckSum>
  </Self>
  <ComposedOf>
    <ContainedComponent>
      <Name>GridView15</Name>
      <Type>Aspx</Type>
      <ControlClass>System.Web.UI.WebControls.GridView</ControlClass>
    </ContainedComponent>
    <ContainedComponent>
      <Name>lite_123</Name>
      <Type>Aspx</Type>
      <ControlClass>System.Web.UI.WebControls.Literal</ControlClass>
    </ContainedComponent>
    <ContainedComponent>
      <Name>lite_129</Name>
      <Type>Aspx</Type>
      <ControlClass>System.Web.UI.WebControls.Literal</ControlClass>
    </ContainedComponent>
    <ContainedComponent>
      <Name>lite_131</Name>
      <Type>Aspx</Type>
      <ControlClass>System.Web.UI.WebControls.Literal</ControlClass>
    </ContainedComponent>
    <ContainedComponent>
      <Name>lite_135</Name>
      <Type>Aspx</Type>
      <ControlClass>System.Web.UI.WebControls.Literal</ControlClass>
    </ContainedComponent>
    <ContainedComponent>
      <Name>lite_nhatki9</Name>
      <Type>Aspx</Type>
      <ControlClass>System.Web.UI.WebControls.Literal</ControlClass>
    </ContainedComponent>
    <ContainedComponent>
      <Name>PageTitle</Name>
      <Type>Literal</Type>
      <PassthroughAttributes>
        <Attribute>
          <Name>Text</Name>
          <Value>Admin log statics</Value>
        </Attribute>
      </PassthroughAttributes>
    </ContainedComponent>
    <ContainedComponent>
      <Name>UpdatePanel1</Name>
      <Type>UpdatePanel</Type>
      <PassthroughAttributes>
        <Attribute>
          <Name>SmoothPanelUpdate</Name>
          <Value>True</Value>
        </Attribute>
      </PassthroughAttributes>
    </ContainedComponent>
  </ComposedOf>
  <LayoutDefinition>&lt;![CDATA[&lt;?xml version="1.0" encoding="utf-16"?&gt;
&lt;LayoutDefinition xmlns:xsi="http://www.w3.org/2001/XMLSchema-instance" xmlns:xsd="http://www.w3.org/2001/XMLSchema"&gt;
  &lt;Layout Name="Page" Type="RootLayout"&gt;
    &lt;Prolog&gt;
      &lt;Value&gt;&amp;lt;asp:Content id="PageSection" ContentPlaceHolderID="PageContent" Runat="server"&amp;gt;
    &amp;lt;a id="StartOfPageContent"&amp;gt;&amp;lt;/a&amp;gt;
    &amp;lt;GEN:UPDATEPANEL NAME="UpdatePanel1"&amp;gt;
                &lt;/Value&gt;
    &lt;/Prolog&gt;
    &lt;Row&gt;
      &lt;Cell&gt;
        &lt;Value&gt;&amp;lt;GEN:PANEL NAME="BlankPanelWithHeader"/&amp;gt;&lt;/Value&gt;
        &lt;CellAttributes /&gt;
      &lt;/Cell&gt;
      &lt;RowAttributes /&gt;
    &lt;/Row&gt;
    &lt;Epilog&gt;
      &lt;Value&gt;
    &amp;lt;/GEN:UPDATEPANEL&amp;gt;
    &amp;lt;div id="detailPopup" class="detailRolloverPopup" onmouseout="detailRolloverPopupClose();" onmouseover="clearTimeout(gPopupTimer);"&amp;gt;&amp;lt;/div&amp;gt;
    &amp;lt;asp:ValidationSummary id="ValidationSummary1" ShowMessageBox="true" ShowSummary="false" runat="server"&amp;gt;&amp;lt;/asp:ValidationSummary&amp;gt;
&amp;lt;/asp:Content&amp;gt;
                &lt;/Value&gt;
    &lt;/Epilog&gt;
    &lt;TableAttributes&gt;
      &lt;Attribute&gt;
        &lt;Name&gt;cellpadding&lt;/Name&gt;
        &lt;AttributeValue&gt;0&lt;/AttributeValue&gt;
      &lt;/Attribute&gt;
      &lt;Attribute&gt;
        &lt;Name&gt;cellspacing&lt;/Name&gt;
        &lt;AttributeValue&gt;0&lt;/AttributeValue&gt;
      &lt;/Attribute&gt;
      &lt;Attribute&gt;
        &lt;Name&gt;border&lt;/Name&gt;
        &lt;AttributeValue&gt;0&lt;/AttributeValue&gt;
      &lt;/Attribute&gt;
    &lt;/TableAttributes&gt;
  &lt;/Layout&gt;
  &lt;Layout Name="BlankPanelWithHeader" Type="BlankPanel"&gt;
    &lt;Prolog /&gt;
    &lt;Row&gt;
      &lt;Cell&gt;
        &lt;Value&gt;&amp;lt;GEN:PANEL NAME="BlankFramePanelHeader"/&amp;gt;&lt;/Value&gt;
        &lt;CellAttributes&gt;
          &lt;Attribute&gt;
            &lt;Name&gt;class&lt;/Name&gt;
            &lt;AttributeValue&gt;dh&lt;/AttributeValue&gt;
          &lt;/Attribute&gt;
        &lt;/CellAttributes&gt;
      &lt;/Cell&gt;
      &lt;RowAttributes /&gt;
    &lt;/Row&gt;
    &lt;Row&gt;
      &lt;Cell&gt;
        &lt;Value&gt;&amp;lt;asp:panel id="BlankFrameCollapsibleRegion" runat="server"&amp;gt;&amp;lt;GEN:PANEL NAME="BlankFramePanel"/&amp;gt;&amp;lt;/asp:panel&amp;gt;&lt;/Value&gt;
        &lt;CellAttributes /&gt;
      &lt;/Cell&gt;
      &lt;RowAttributes /&gt;
    &lt;/Row&gt;
    &lt;Epilog /&gt;
    &lt;TableAttributes&gt;
      &lt;Attribute&gt;
        &lt;Name&gt;class&lt;/Name&gt;
        &lt;AttributeValue&gt;dv&lt;/AttributeValue&gt;
      &lt;/Attribute&gt;
      &lt;Attribute&gt;
        &lt;Name&gt;cellpadding&lt;/Name&gt;
        &lt;AttributeValue&gt;0&lt;/AttributeValue&gt;
      &lt;/Attribute&gt;
      &lt;Attribute&gt;
        &lt;Name&gt;cellspacing&lt;/Name&gt;
        &lt;AttributeValue&gt;0&lt;/AttributeValue&gt;
      &lt;/Attribute&gt;
      &lt;Attribute&gt;
        &lt;Name&gt;border&lt;/Name&gt;
        &lt;AttributeValue&gt;0&lt;/AttributeValue&gt;
      &lt;/Attribute&gt;
    &lt;/TableAttributes&gt;
  &lt;/Layout&gt;
  &lt;Layout Name="BlankFramePanelHeader" Type="BlankPanel"&gt;
    &lt;Prolog /&gt;
    &lt;Row&gt;
      &lt;Cell&gt;
        &lt;Value&gt;&amp;lt;img src="../Images/space.gif" alt=""/&amp;gt;&lt;/Value&gt;
        &lt;CellAttributes&gt;
          &lt;Attribute&gt;
            &lt;Name&gt;class&lt;/Name&gt;
            &lt;AttributeValue&gt;dhel&lt;/AttributeValue&gt;
          &lt;/Attribute&gt;
        &lt;/CellAttributes&gt;
      &lt;/Cell&gt;
      &lt;Cell&gt;
        &lt;Value&gt;&amp;lt;asp:CollapsiblePanelExtender id="BlankFramePanelExtender" runat="server" TargetControlid="BlankFrameCollapsibleRegion" ExpandControlID="BlankFrameIcon" CollapseControlID="BlankFrameIcon" ImageControlID="BlankFrameIcon" ExpandedImage="../images/icon_panelcollapse.gif" CollapsedImage="../images/icon_panelexpand.gif" SuppressPostBack="true"/&amp;gt;
&amp;lt;asp:ImageButton id="BlankFrameIcon" runat="server" ToolTip="&amp;amp;lt;%# GetResourceValue(&amp;amp;quot;Btn:ExpandCollapse&amp;amp;quot;) %&amp;amp;gt;" causesvalidation="False" imageurl="../images/icon_panelcollapse.gif" /&amp;gt;&lt;/Value&gt;
        &lt;CellAttributes&gt;
          &lt;Attribute&gt;
            &lt;Name&gt;class&lt;/Name&gt;
            &lt;AttributeValue&gt;dheci&lt;/AttributeValue&gt;
          &lt;/Attribute&gt;
          &lt;Attribute&gt;
            &lt;Name&gt;valign&lt;/Name&gt;
            &lt;AttributeValue&gt;middle&lt;/AttributeValue&gt;
          &lt;/Attribute&gt;
        &lt;/CellAttributes&gt;
      &lt;/Cell&gt;
      &lt;Cell&gt;
        &lt;Value&gt;&amp;lt;GEN:PANEL NAME="BlankFrameTitleRegion"/&amp;gt;&lt;/Value&gt;
        &lt;CellAttributes&gt;
          &lt;Attribute&gt;
            &lt;Name&gt;class&lt;/Name&gt;
            &lt;AttributeValue&gt;dhb&lt;/AttributeValue&gt;
          &lt;/Attribute&gt;
        &lt;/CellAttributes&gt;
      &lt;/Cell&gt;
      &lt;Cell&gt;
        &lt;Value&gt;&amp;lt;img src="../Images/space.gif" alt=""/&amp;gt;&lt;/Value&gt;
        &lt;CellAttributes&gt;
          &lt;Attribute&gt;
            &lt;Name&gt;class&lt;/Name&gt;
            &lt;AttributeValue&gt;dher&lt;/AttributeValue&gt;
          &lt;/Attribute&gt;
        &lt;/CellAttributes&gt;
      &lt;/Cell&gt;
      &lt;RowAttributes /&gt;
    &lt;/Row&gt;
    &lt;Epilog /&gt;
    &lt;TableAttributes&gt;
      &lt;Attribute&gt;
        &lt;Name&gt;cellpadding&lt;/Name&gt;
        &lt;AttributeValue&gt;0&lt;/AttributeValue&gt;
      &lt;/Attribute&gt;
      &lt;Attribute&gt;
        &lt;Name&gt;cellspacing&lt;/Name&gt;
        &lt;AttributeValue&gt;0&lt;/AttributeValue&gt;
      &lt;/Attribute&gt;
      &lt;Attribute&gt;
        &lt;Name&gt;border&lt;/Name&gt;
        &lt;AttributeValue&gt;0&lt;/AttributeValue&gt;
      &lt;/Attribute&gt;
      &lt;Attribute&gt;
        &lt;Name&gt;width&lt;/Name&gt;
        &lt;AttributeValue&gt;100%&lt;/AttributeValue&gt;
      &lt;/Attribute&gt;
    &lt;/TableAttributes&gt;
  &lt;/Layout&gt;
  &lt;Layout Name="BlankFrameTitleRegion" Type="BlankPanel"&gt;
    &lt;Prolog /&gt;
    &lt;Row&gt;
      &lt;Cell&gt;
        &lt;Value&gt;Admin log statics&lt;/Value&gt;
        &lt;CellAttributes&gt;
          &lt;Attribute&gt;
            &lt;Name&gt;class&lt;/Name&gt;
            &lt;AttributeValue&gt;dht&lt;/AttributeValue&gt;
          &lt;/Attribute&gt;
          &lt;Attribute&gt;
            &lt;Name&gt;valign&lt;/Name&gt;
            &lt;AttributeValue&gt;middle&lt;/AttributeValue&gt;
          &lt;/Attribute&gt;
        &lt;/CellAttributes&gt;
      &lt;/Cell&gt;
      &lt;RowAttributes /&gt;
    &lt;/Row&gt;
    &lt;Epilog /&gt;
    &lt;TableAttributes&gt;
      &lt;Attribute&gt;
        &lt;Name&gt;cellpadding&lt;/Name&gt;
        &lt;AttributeValue&gt;0&lt;/AttributeValue&gt;
      &lt;/Attribute&gt;
      &lt;Attribute&gt;
        &lt;Name&gt;cellspacing&lt;/Name&gt;
        &lt;AttributeValue&gt;0&lt;/AttributeValue&gt;
      &lt;/Attribute&gt;
      &lt;Attribute&gt;
        &lt;Name&gt;border&lt;/Name&gt;
        &lt;AttributeValue&gt;0&lt;/AttributeValue&gt;
      &lt;/Attribute&gt;
    &lt;/TableAttributes&gt;
  &lt;/Layout&gt;
  &lt;Layout Name="BlankFramePanel" Type="BlankPanel"&gt;
    &lt;Prolog /&gt;
    &lt;Row&gt;
      &lt;Cell&gt;
        &lt;Value&gt;&amp;lt;GEN:PANEL NAME="BlankPanel"/&amp;gt;&lt;/Value&gt;
        &lt;CellAttributes&gt;
          &lt;Attribute&gt;
            &lt;Name&gt;class&lt;/Name&gt;
            &lt;AttributeValue&gt;tre&lt;/AttributeValue&gt;
          &lt;/Attribute&gt;
        &lt;/CellAttributes&gt;
      &lt;/Cell&gt;
      &lt;RowAttributes /&gt;
    &lt;/Row&gt;
    &lt;Epilog /&gt;
    &lt;TableAttributes&gt;
      &lt;Attribute&gt;
        &lt;Name&gt;class&lt;/Name&gt;
        &lt;AttributeValue&gt;dBody&lt;/AttributeValue&gt;
      &lt;/Attribute&gt;
      &lt;Attribute&gt;
        &lt;Name&gt;cellpadding&lt;/Name&gt;
        &lt;AttributeValue&gt;0&lt;/AttributeValue&gt;
      &lt;/Attribute&gt;
      &lt;Attribute&gt;
        &lt;Name&gt;cellspacing&lt;/Name&gt;
        &lt;AttributeValue&gt;0&lt;/AttributeValue&gt;
      &lt;/Attribute&gt;
      &lt;Attribute&gt;
        &lt;Name&gt;border&lt;/Name&gt;
        &lt;AttributeValue&gt;0&lt;/AttributeValue&gt;
      &lt;/Attribute&gt;
      &lt;Attribute&gt;
        &lt;Name&gt;width&lt;/Name&gt;
        &lt;AttributeValue&gt;100%&lt;/AttributeValue&gt;
      &lt;/Attribute&gt;
    &lt;/TableAttributes&gt;
  &lt;/Layout&gt;
  &lt;Layout Name="BlankPanel" Type="BlankPanel"&gt;
    &lt;Prolog /&gt;
    &lt;Row&gt;
      &lt;Cell&gt;
        &lt;Value&gt;&amp;lt;table style="width: 100%;height: 100%" cellpadding="0" cellspacing="0"&amp;gt;
                   &amp;lt;tr&amp;gt;
                   &amp;lt;td style="width:12px;" id="tdtop16"&amp;gt;
                   &amp;lt;/td&amp;gt;
                   &amp;lt;td style="width:762px;" id="tdtop17"&amp;gt;
                       &amp;lt;/td&amp;gt;
                   &amp;lt;td style="width:9px;" id="tdtop18"&amp;gt;
                   &amp;lt;/td&amp;gt;
                   &amp;lt;/tr&amp;gt;
                       &amp;lt;tr&amp;gt;
                           &amp;lt;td align="left" colspan="3" id="tdmid6"&amp;gt;
                           &amp;lt;asp:Literal ID="lite_nhatki7" runat="server"&amp;gt;&amp;lt;/asp:Literal&amp;gt;
                               &amp;lt;br /&amp;gt;
                               &amp;lt;div style="margin-left:20px;"&amp;gt;
                               &amp;lt;asp:GridView ID="GridView11" runat="server" AllowPaging="True" OnRowDataBound="GridView1_RowDataBound" OnPageIndexChanging="GridView1_PageIndexChanging" AutoGenerateColumns="False" Width="99%" BackColor="White" BorderColor="#CCCCCC" BorderStyle="None" BorderWidth="1px" CellPadding="3" PageSize="30"&amp;gt;
                               &amp;lt;Columns&amp;gt;
                               &amp;lt;asp:TemplateField&amp;gt;
                               &amp;lt;HeaderTemplate&amp;gt;Thời điểm truy cập&amp;lt;/HeaderTemplate&amp;gt;
                               &amp;lt;ItemTemplate&amp;gt;
                               &amp;lt;asp:Literal ID="lite_113" runat="server"&amp;gt;&amp;lt;/asp:Literal&amp;gt;
                               &amp;lt;/ItemTemplate&amp;gt;                              
                                 &amp;lt;ControlStyle Width="60px" /&amp;gt;
                &amp;lt;HeaderStyle Width="200px" /&amp;gt;                            
                               &amp;lt;/asp:TemplateField&amp;gt;
                               
                               &amp;lt;asp:TemplateField&amp;gt;
                               &amp;lt;HeaderTemplate&amp;gt;Tên truy cập&amp;lt;/HeaderTemplate&amp;gt;
                               &amp;lt;ItemTemplate&amp;gt;
                               &amp;lt;asp:Literal ID="lite_119" runat="server"&amp;gt;&amp;lt;/asp:Literal&amp;gt;
                               &amp;lt;/ItemTemplate&amp;gt;
                               &amp;lt;/asp:TemplateField&amp;gt;
							   
							    &amp;lt;asp:TemplateField&amp;gt;
                               &amp;lt;HeaderTemplate&amp;gt;Hành động&amp;lt;/HeaderTemplate&amp;gt;
                               &amp;lt;ItemTemplate&amp;gt;
                               &amp;lt;asp:Literal ID="lite_127" runat="server"&amp;gt;&amp;lt;/asp:Literal&amp;gt;
                               &amp;lt;/ItemTemplate&amp;gt;
                               &amp;lt;/asp:TemplateField&amp;gt;
                               
                               &amp;lt;asp:TemplateField&amp;gt;
                               &amp;lt;HeaderTemplate&amp;gt;Địa chỉ Website&amp;lt;/HeaderTemplate&amp;gt;
                               &amp;lt;ItemTemplate&amp;gt;
                               &amp;lt;asp:Literal ID="lite_136" runat="server"&amp;gt;&amp;lt;/asp:Literal&amp;gt;
                               &amp;lt;/ItemTemplate&amp;gt;
                               &amp;lt;/asp:TemplateField&amp;gt;
                               &amp;lt;/Columns&amp;gt;
                                   &amp;lt;RowStyle ForeColor="#000066" /&amp;gt;
                                   &amp;lt;FooterStyle BackColor="White" ForeColor="#000066" /&amp;gt;
                                   &amp;lt;PagerStyle BackColor="White" ForeColor="#000066" HorizontalAlign="Left" cssclass="gridview" /&amp;gt;
                                   &amp;lt;SelectedRowStyle BackColor="#669999" Font-Bold="True" ForeColor="White" /&amp;gt;
                                   &amp;lt;HeaderStyle BackColor="#006699" Font-Bold="True" ForeColor="White" /&amp;gt;
                               &amp;lt;/asp:GridView&amp;gt;
                               &amp;lt;/div&amp;gt;
                           &amp;lt;/td&amp;gt;
                       &amp;lt;/tr&amp;gt;
                   &amp;lt;tr&amp;gt;
                   &amp;lt;td colspan="3" id="td5" style="" align="left"&amp;gt;
              
                      &amp;lt;div style="padding-left:10px;"&amp;gt;
                       
    
                        
   
   
                       
                       
                       
                       
                       
                       
                       
                        &amp;lt;/div&amp;gt;
                        &amp;lt;/td&amp;gt;
                        
                   &amp;lt;/tr&amp;gt;
                   &amp;lt;tr&amp;gt;
                   &amp;lt;td style="width:12px;" id="tdbot16"&amp;gt;
                   &amp;lt;/td&amp;gt;
                   &amp;lt;td style="width:762px;" id="tdbot17"&amp;gt;
                   &amp;lt;/td&amp;gt;
                   &amp;lt;td style="width:9px;" id="tdbot18"&amp;gt;
                   &amp;lt;/td&amp;gt;
                   &amp;lt;/tr&amp;gt;
                   &amp;lt;/table&amp;gt;&lt;/Value&gt;
        &lt;CellAttributes /&gt;
      &lt;/Cell&gt;
      &lt;RowAttributes /&gt;
    &lt;/Row&gt;
    &lt;Epilog /&gt;
    &lt;TableAttributes&gt;
      &lt;Attribute&gt;
        &lt;Name&gt;cellpadding&lt;/Name&gt;
        &lt;AttributeValue&gt;0&lt;/AttributeValue&gt;
      &lt;/Attribute&gt;
      &lt;Attribute&gt;
        &lt;Name&gt;cellspacing&lt;/Name&gt;
        &lt;AttributeValue&gt;0&lt;/AttributeValue&gt;
      &lt;/Attribute&gt;
      &lt;Attribute&gt;
        &lt;Name&gt;border&lt;/Name&gt;
        &lt;AttributeValue&gt;0&lt;/AttributeValue&gt;
      &lt;/Attribute&gt;
    &lt;/TableAttributes&gt;
  &lt;/Layout&gt;
&lt;/LayoutDefinition&gt;]]&gt;</LayoutDefinition>
</ComponentDefinition>