﻿<?xml version="1.0" encoding="UTF-8" standalone="no"?>
<ComponentDefinition xmlns:xsi="http://www.w3.org/2001/XMLSchema-instance" xmlns:xsd="http://www.w3.org/2001/XMLSchema" xmlns="http://www.ironspeed.com/designer">
  <Generator>Iron Speed Designer</Generator>
  <Version>9.0.1</Version>
  <Self>
    <Name>ChangePasswords</Name>
    <Type>Page</Type>
    <SubType>DotNet</SubType>
    <MasterLayout>../Master Pages/VerticalMenu.master</MasterLayout>
    <GenerateDirectory>DashBoard</GenerateDirectory>
    <Layout>DashBoard\ChangePasswords.xml</Layout>
    <DisplayName>ChangePasswords</DisplayName>
    <Description>This is a blank page.</Description>
    <LoginRequired>&lt;PRoles&gt;1&lt;/PRoles&gt;</LoginRequired>
    <CheckSum>-506535028-1142</CheckSum>
  </Self>
  <ComposedOf>
    <ContainedComponent>
      <Name>Confirm_pass</Name>
      <Type>FieldValue</Type>
      <Field>Password</Field>
      <FieldValueStyle>TextBox</FieldValueStyle>
      <Table>tSa01_User</Table>
      <PassthroughAttributes>
        <Attribute>
          <Name>Columns</Name>
          <Value>60</Value>
        </Attribute>
        <Attribute>
          <Name>Confirm_passRequiredFieldValidator:Enabled</Name>
          <Value>False</Value>
        </Attribute>
        <Attribute>
          <Name>Confirm_passRequiredFieldValidator:Text</Name>
          <Value>*</Value>
        </Attribute>
        <Attribute>
          <Name>CssClass</Name>
          <Value>field_input</Value>
        </Attribute>
        <Attribute>
          <Name>EnableIncrementDecrementButtons</Name>
          <Value>False</Value>
        </Attribute>
        <Attribute>
          <Name>InternalUse:DataSource</Name>
          <Value>Parent</Value>
        </Attribute>
        <Attribute>
          <Name>RichTextEditorType</Name>
          <Value>Default</Value>
        </Attribute>
        <Attribute>
          <Name>Rows</Name>
          <Value>1</Value>
        </Attribute>
        <Attribute>
          <Name>TextMode</Name>
          <Value>Password</Value>
        </Attribute>
        <Attribute>
          <Name>Width</Name>
          <Value>300px</Value>
        </Attribute>
      </PassthroughAttributes>
      <InsideControl>TSa01_UserRecordControl</InsideControl>
    </ContainedComponent>
    <ContainedComponent>
      <Name>New_pass</Name>
      <Type>FieldValue</Type>
      <Field>Password</Field>
      <FieldValueStyle>TextBox</FieldValueStyle>
      <Table>tSa01_User</Table>
      <PassthroughAttributes>
        <Attribute>
          <Name>Columns</Name>
          <Value>60</Value>
        </Attribute>
        <Attribute>
          <Name>CssClass</Name>
          <Value>field_input</Value>
        </Attribute>
        <Attribute>
          <Name>EnableIncrementDecrementButtons</Name>
          <Value>False</Value>
        </Attribute>
        <Attribute>
          <Name>InternalUse:DataSource</Name>
          <Value>Parent</Value>
        </Attribute>
        <Attribute>
          <Name>New_passRequiredFieldValidator:Enabled</Name>
          <Value>False</Value>
        </Attribute>
        <Attribute>
          <Name>New_passRequiredFieldValidator:Text</Name>
          <Value>*</Value>
        </Attribute>
        <Attribute>
          <Name>RichTextEditorType</Name>
          <Value>Default</Value>
        </Attribute>
        <Attribute>
          <Name>Rows</Name>
          <Value>1</Value>
        </Attribute>
        <Attribute>
          <Name>TextMode</Name>
          <Value>Password</Value>
        </Attribute>
        <Attribute>
          <Name>Width</Name>
          <Value>300px</Value>
        </Attribute>
      </PassthroughAttributes>
      <InsideControl>TSa01_UserRecordControl</InsideControl>
    </ContainedComponent>
    <ContainedComponent>
      <Name>Old_pass</Name>
      <Type>FieldValue</Type>
      <Field>Password</Field>
      <FieldValueStyle>TextBox</FieldValueStyle>
      <Table>tSa01_User</Table>
      <PassthroughAttributes>
        <Attribute>
          <Name>Columns</Name>
          <Value>60</Value>
        </Attribute>
        <Attribute>
          <Name>CssClass</Name>
          <Value>field_input</Value>
        </Attribute>
        <Attribute>
          <Name>EnableIncrementDecrementButtons</Name>
          <Value>False</Value>
        </Attribute>
        <Attribute>
          <Name>InternalUse:DataSource</Name>
          <Value>Parent</Value>
        </Attribute>
        <Attribute>
          <Name>Old_passRequiredFieldValidator:Enabled</Name>
          <Value>False</Value>
        </Attribute>
        <Attribute>
          <Name>Old_passRequiredFieldValidator:Text</Name>
          <Value>*</Value>
        </Attribute>
        <Attribute>
          <Name>RichTextEditorType</Name>
          <Value>Default</Value>
        </Attribute>
        <Attribute>
          <Name>Rows</Name>
          <Value>1</Value>
        </Attribute>
        <Attribute>
          <Name>TextMode</Name>
          <Value>Password</Value>
        </Attribute>
        <Attribute>
          <Name>Width</Name>
          <Value>300px</Value>
        </Attribute>
      </PassthroughAttributes>
      <InsideControl>TSa01_UserRecordControl</InsideControl>
    </ContainedComponent>
    <ContainedComponent>
      <Name>PageTitle</Name>
      <Type>Literal</Type>
      <PassthroughAttributes>
        <Attribute>
          <Name>Text</Name>
          <Value>Thay đổi mật khẩu</Value>
        </Attribute>
      </PassthroughAttributes>
    </ContainedComponent>
    <ContainedComponent>
      <Name>PasswordLabel</Name>
      <Type>Literal</Type>
      <PassthroughAttributes>
        <Attribute>
          <Name>Consumers</Name>
          <Value>TSa01_UserRecordControl</Value>
        </Attribute>
        <Attribute>
          <Name>InternalUse:Field</Name>
          <Value>Password</Value>
        </Attribute>
        <Attribute>
          <Name>InternalUse:Table</Name>
          <Value>tSa01_User</Value>
        </Attribute>
        <Attribute>
          <Name>Text</Name>
          <Value>Mật khẩu cũ</Value>
        </Attribute>
      </PassthroughAttributes>
      <InsideControl>TSa01_UserRecordControl</InsideControl>
    </ContainedComponent>
    <ContainedComponent>
      <Name>PasswordLabel1</Name>
      <Type>Literal</Type>
      <PassthroughAttributes>
        <Attribute>
          <Name>Consumers</Name>
          <Value>TSa01_UserRecordControl</Value>
        </Attribute>
        <Attribute>
          <Name>InternalUse:Field</Name>
          <Value>Password</Value>
        </Attribute>
        <Attribute>
          <Name>InternalUse:Table</Name>
          <Value>tSa01_User</Value>
        </Attribute>
        <Attribute>
          <Name>InternalUse:TreatAs</Name>
          <Value>FieldValue</Value>
        </Attribute>
        <Attribute>
          <Name>Text</Name>
          <Value>Mật khẩu mới</Value>
        </Attribute>
      </PassthroughAttributes>
      <InsideControl>TSa01_UserRecordControl</InsideControl>
    </ContainedComponent>
    <ContainedComponent>
      <Name>PasswordLabel2</Name>
      <Type>Literal</Type>
      <PassthroughAttributes>
        <Attribute>
          <Name>Consumers</Name>
          <Value>TSa01_UserRecordControl</Value>
        </Attribute>
        <Attribute>
          <Name>InternalUse:Field</Name>
          <Value>Password</Value>
        </Attribute>
        <Attribute>
          <Name>InternalUse:Table</Name>
          <Value>tSa01_User</Value>
        </Attribute>
        <Attribute>
          <Name>InternalUse:TreatAs</Name>
          <Value>FieldValue</Value>
        </Attribute>
        <Attribute>
          <Name>Text</Name>
          <Value>Xác nhận mật khẩu mới</Value>
        </Attribute>
      </PassthroughAttributes>
      <InsideControl>TSa01_UserRecordControl</InsideControl>
    </ContainedComponent>
    <ContainedComponent>
      <Name>SaveButton</Name>
      <Type>Button</Type>
      <Layout>..\Shared\ThemeButton.ascx</Layout>
      <PassthroughAttributes>
        <Attribute>
          <Name>Button-CausesValidation</Name>
          <Value>True</Value>
        </Attribute>
        <Attribute>
          <Name>Button-CommandName</Name>
          <Value>UpdateData</Value>
        </Attribute>
        <Attribute>
          <Name>Button-Consumers</Name>
          <Value>page</Value>
        </Attribute>
        <Attribute>
          <Name>Button-Text</Name>
          <Value>Btn:Save</Value>
          <Type>ResourceReference</Type>
        </Attribute>
        <Attribute>
          <Name>Button-ToolTip</Name>
          <Value>Btn:Save</Value>
          <Type>ResourceReference</Type>
        </Attribute>
        <Attribute>
          <Name>PostBack</Name>
          <Value>True</Value>
        </Attribute>
      </PassthroughAttributes>
      <InsideControl>TSa01_UserRecordControl</InsideControl>
    </ContainedComponent>
    <ContainedComponent>
      <Name>TSa01_UserRecordControl</Name>
      <Type>Record</Type>
      <PanelStyle>AddRec_DTB_Parent</PanelStyle>
      <Table>tSa01_User</Table>
      <PassthroughAttributes>
        <Attribute>
          <Name>EnterKeyCaptureToButton</Name>
          <Value>SaveButton,SaveAndNewButton,OKButton,EditButton,CancelButton</Value>
        </Attribute>
        <Attribute>
          <Name>HideDataUntilSearched</Name>
          <Value>False</Value>
        </Attribute>
        <Attribute>
          <Name>InternalUse:DataSource</Name>
          <Value>AddRecord</Value>
        </Attribute>
        <Attribute>
          <Name>InternalUse:DataSourceArg</Name>
          <Value>TSa01_User</Value>
        </Attribute>
        <Attribute>
          <Name>URL</Name>
          <Value>TSa01_User</Value>
        </Attribute>
      </PassthroughAttributes>
    </ContainedComponent>
    <ContainedComponent>
      <Name>TSa01_UserTitle</Name>
      <Type>Html</Type>
      <PassthroughAttributes>
        <Attribute>
          <Name>HtmlEncodeWhiteSpace</Name>
          <Value>True</Value>
        </Attribute>
        <Attribute>
          <Name>Text</Name>
          <Value>Thay đổi mật khẩu</Value>
        </Attribute>
      </PassthroughAttributes>
      <InsideControl>TSa01_UserRecordControl</InsideControl>
    </ContainedComponent>
    <ContainedComponent>
      <Name>UpdatePanel1</Name>
      <Type>UpdatePanel</Type>
      <PassthroughAttributes>
        <Attribute>
          <Name>SmoothPanelUpdate</Name>
          <Value>True</Value>
        </Attribute>
      </PassthroughAttributes>
    </ContainedComponent>
  </ComposedOf>
  <LayoutDefinition>&lt;![CDATA[&lt;?xml version="1.0" encoding="utf-16"?&gt;
&lt;LayoutDefinition xmlns:xsi="http://www.w3.org/2001/XMLSchema-instance" xmlns:xsd="http://www.w3.org/2001/XMLSchema"&gt;
  &lt;Layout Name="Page" Type="RootLayout"&gt;
    &lt;Prolog&gt;
      &lt;Value&gt;&amp;lt;asp:Content id="PageSection" ContentPlaceHolderID="PageContent" Runat="server"&amp;gt;
    &amp;lt;a id="StartOfPageContent"&amp;gt;&amp;lt;/a&amp;gt;
    &amp;lt;GEN:UPDATEPANEL NAME="UpdatePanel1"&amp;gt;
                &lt;/Value&gt;
    &lt;/Prolog&gt;
    &lt;Row&gt;
      &lt;Cell&gt;
        &lt;Value&gt;&amp;lt;GEN:RECORD NAME="TSa01_UserRecordControl"/&amp;gt;&lt;/Value&gt;
        &lt;CellAttributes /&gt;
      &lt;/Cell&gt;
      &lt;RowAttributes /&gt;
    &lt;/Row&gt;
    &lt;Epilog&gt;
      &lt;Value&gt;
    &amp;lt;/GEN:UPDATEPANEL&amp;gt;
    &amp;lt;div id="detailPopup" class="detailRolloverPopup" onmouseout="detailRolloverPopupClose();" onmouseover="clearTimeout(gPopupTimer);"&amp;gt;&amp;lt;/div&amp;gt;
    &amp;lt;asp:ValidationSummary id="ValidationSummary1" ShowMessageBox="true" ShowSummary="false" runat="server"&amp;gt;&amp;lt;/asp:ValidationSummary&amp;gt;
&amp;lt;/asp:Content&amp;gt;
                &lt;/Value&gt;
    &lt;/Epilog&gt;
    &lt;TableAttributes /&gt;
  &lt;/Layout&gt;
  &lt;Layout Name="TSa01_UserRecordControl" Type="RecordPanel" PanelControlName="TSa01_UserRecordControl"&gt;
    &lt;Prolog /&gt;
    &lt;Row&gt;
      &lt;Cell&gt;
        &lt;Value&gt;&amp;lt;GEN:PANEL NAME="TSa01_UserPanelHeader"/&amp;gt;&lt;/Value&gt;
        &lt;CellAttributes&gt;
          &lt;Attribute&gt;
            &lt;Name&gt;class&lt;/Name&gt;
            &lt;AttributeValue&gt;dh&lt;/AttributeValue&gt;
          &lt;/Attribute&gt;
        &lt;/CellAttributes&gt;
      &lt;/Cell&gt;
      &lt;RowAttributes /&gt;
    &lt;/Row&gt;
    &lt;Row&gt;
      &lt;Cell&gt;
        &lt;Value&gt;&amp;lt;asp:panel id="TSa01_UserRecordControlCollapsibleRegion" runat="server"&amp;gt;&amp;lt;GEN:PANEL NAME="TSa01_UserPanel"/&amp;gt;&amp;lt;/asp:panel&amp;gt;&lt;/Value&gt;
        &lt;CellAttributes /&gt;
      &lt;/Cell&gt;
      &lt;RowAttributes /&gt;
    &lt;/Row&gt;
    &lt;Epilog /&gt;
    &lt;TableAttributes&gt;
      &lt;Attribute&gt;
        &lt;Name&gt;class&lt;/Name&gt;
        &lt;AttributeValue&gt;dv&lt;/AttributeValue&gt;
      &lt;/Attribute&gt;
      &lt;Attribute&gt;
        &lt;Name&gt;cellpadding&lt;/Name&gt;
        &lt;AttributeValue&gt;0&lt;/AttributeValue&gt;
      &lt;/Attribute&gt;
      &lt;Attribute&gt;
        &lt;Name&gt;cellspacing&lt;/Name&gt;
        &lt;AttributeValue&gt;0&lt;/AttributeValue&gt;
      &lt;/Attribute&gt;
      &lt;Attribute&gt;
        &lt;Name&gt;border&lt;/Name&gt;
        &lt;AttributeValue&gt;0&lt;/AttributeValue&gt;
      &lt;/Attribute&gt;
    &lt;/TableAttributes&gt;
  &lt;/Layout&gt;
  &lt;Layout Name="TSa01_UserPanelHeader" Type="PanelHeader" PanelControlName="TSa01_UserRecordControl"&gt;
    &lt;Prolog /&gt;
    &lt;Row&gt;
      &lt;Cell&gt;
        &lt;Value&gt;&amp;lt;img src="../Images/space.gif" alt=""/&amp;gt;&lt;/Value&gt;
        &lt;CellAttributes&gt;
          &lt;Attribute&gt;
            &lt;Name&gt;class&lt;/Name&gt;
            &lt;AttributeValue&gt;dhel&lt;/AttributeValue&gt;
          &lt;/Attribute&gt;
        &lt;/CellAttributes&gt;
      &lt;/Cell&gt;
      &lt;Cell&gt;
        &lt;Value&gt;&amp;lt;GEN:PANEL NAME="TSa01_UserTitleRegion"/&amp;gt;&lt;/Value&gt;
        &lt;CellAttributes&gt;
          &lt;Attribute&gt;
            &lt;Name&gt;class&lt;/Name&gt;
            &lt;AttributeValue&gt;dhb&lt;/AttributeValue&gt;
          &lt;/Attribute&gt;
        &lt;/CellAttributes&gt;
      &lt;/Cell&gt;
      &lt;Cell&gt;
        &lt;Value&gt;&amp;lt;img src="../Images/space.gif" alt=""/&amp;gt;&lt;/Value&gt;
        &lt;CellAttributes&gt;
          &lt;Attribute&gt;
            &lt;Name&gt;class&lt;/Name&gt;
            &lt;AttributeValue&gt;dher&lt;/AttributeValue&gt;
          &lt;/Attribute&gt;
        &lt;/CellAttributes&gt;
      &lt;/Cell&gt;
      &lt;RowAttributes /&gt;
    &lt;/Row&gt;
    &lt;Epilog /&gt;
    &lt;TableAttributes&gt;
      &lt;Attribute&gt;
        &lt;Name&gt;cellpadding&lt;/Name&gt;
        &lt;AttributeValue&gt;0&lt;/AttributeValue&gt;
      &lt;/Attribute&gt;
      &lt;Attribute&gt;
        &lt;Name&gt;cellspacing&lt;/Name&gt;
        &lt;AttributeValue&gt;0&lt;/AttributeValue&gt;
      &lt;/Attribute&gt;
      &lt;Attribute&gt;
        &lt;Name&gt;border&lt;/Name&gt;
        &lt;AttributeValue&gt;0&lt;/AttributeValue&gt;
      &lt;/Attribute&gt;
      &lt;Attribute&gt;
        &lt;Name&gt;width&lt;/Name&gt;
        &lt;AttributeValue&gt;100%&lt;/AttributeValue&gt;
      &lt;/Attribute&gt;
    &lt;/TableAttributes&gt;
  &lt;/Layout&gt;
  &lt;Layout Name="TSa01_UserTitleRegion" PanelControlName="TSa01_UserRecordControl"&gt;
    &lt;Prolog /&gt;
    &lt;Row&gt;
      &lt;Cell&gt;
        &lt;Value&gt;&amp;lt;GEN:HTML NAME="TSa01_UserTitle"/&amp;gt;&lt;/Value&gt;
        &lt;CellAttributes&gt;
          &lt;Attribute&gt;
            &lt;Name&gt;class&lt;/Name&gt;
            &lt;AttributeValue&gt;dht&lt;/AttributeValue&gt;
          &lt;/Attribute&gt;
          &lt;Attribute&gt;
            &lt;Name&gt;valign&lt;/Name&gt;
            &lt;AttributeValue&gt;middle&lt;/AttributeValue&gt;
          &lt;/Attribute&gt;
        &lt;/CellAttributes&gt;
      &lt;/Cell&gt;
      &lt;RowAttributes /&gt;
    &lt;/Row&gt;
    &lt;Epilog /&gt;
    &lt;TableAttributes&gt;
      &lt;Attribute&gt;
        &lt;Name&gt;cellpadding&lt;/Name&gt;
        &lt;AttributeValue&gt;0&lt;/AttributeValue&gt;
      &lt;/Attribute&gt;
      &lt;Attribute&gt;
        &lt;Name&gt;cellspacing&lt;/Name&gt;
        &lt;AttributeValue&gt;0&lt;/AttributeValue&gt;
      &lt;/Attribute&gt;
      &lt;Attribute&gt;
        &lt;Name&gt;border&lt;/Name&gt;
        &lt;AttributeValue&gt;0&lt;/AttributeValue&gt;
      &lt;/Attribute&gt;
    &lt;/TableAttributes&gt;
  &lt;/Layout&gt;
  &lt;Layout Name="TSa01_UserPanel" PanelControlName="TSa01_UserRecordControl"&gt;
    &lt;Prolog /&gt;
    &lt;Row&gt;
      &lt;Cell&gt;
        &lt;Value&gt;&amp;lt;GEN:PANEL NAME="TSa01_UserFields"/&amp;gt;&lt;/Value&gt;
        &lt;CellAttributes /&gt;
      &lt;/Cell&gt;
      &lt;RowAttributes /&gt;
    &lt;/Row&gt;
    &lt;Epilog /&gt;
    &lt;TableAttributes&gt;
      &lt;Attribute&gt;
        &lt;Name&gt;class&lt;/Name&gt;
        &lt;AttributeValue&gt;dBody&lt;/AttributeValue&gt;
      &lt;/Attribute&gt;
      &lt;Attribute&gt;
        &lt;Name&gt;cellpadding&lt;/Name&gt;
        &lt;AttributeValue&gt;0&lt;/AttributeValue&gt;
      &lt;/Attribute&gt;
      &lt;Attribute&gt;
        &lt;Name&gt;cellspacing&lt;/Name&gt;
        &lt;AttributeValue&gt;0&lt;/AttributeValue&gt;
      &lt;/Attribute&gt;
      &lt;Attribute&gt;
        &lt;Name&gt;border&lt;/Name&gt;
        &lt;AttributeValue&gt;0&lt;/AttributeValue&gt;
      &lt;/Attribute&gt;
      &lt;Attribute&gt;
        &lt;Name&gt;width&lt;/Name&gt;
        &lt;AttributeValue&gt;100%&lt;/AttributeValue&gt;
      &lt;/Attribute&gt;
    &lt;/TableAttributes&gt;
  &lt;/Layout&gt;
  &lt;Layout Name="TSa01_UserFields" Type="RecordGrid" PanelControlName="TSa01_UserRecordControl"&gt;
    &lt;Prolog /&gt;
    &lt;Row&gt;
      &lt;Cell&gt;
        &lt;Value&gt;&amp;lt;GEN:FIELDLABEL NAME="PasswordLabel"/&amp;gt;&lt;/Value&gt;
        &lt;CellAttributes&gt;
          &lt;Attribute&gt;
            &lt;Name&gt;class&lt;/Name&gt;
            &lt;AttributeValue&gt;fls&lt;/AttributeValue&gt;
          &lt;/Attribute&gt;
        &lt;/CellAttributes&gt;
      &lt;/Cell&gt;
      &lt;Cell&gt;
        &lt;Value&gt;&amp;lt;GEN:FIELDVALUE NAME="Old_pass" /&amp;gt; &lt;/Value&gt;
        &lt;CellAttributes&gt;
          &lt;Attribute&gt;
            &lt;Name&gt;class&lt;/Name&gt;
            &lt;AttributeValue&gt;dfv&lt;/AttributeValue&gt;
          &lt;/Attribute&gt;
        &lt;/CellAttributes&gt;
      &lt;/Cell&gt;
      &lt;RowAttributes /&gt;
    &lt;/Row&gt;
    &lt;Row&gt;
      &lt;Cell&gt;
        &lt;Value&gt;&amp;lt;GEN:FIELDLABEL NAME="PasswordLabel1" /&amp;gt;&lt;/Value&gt;
        &lt;CellAttributes&gt;
          &lt;Attribute&gt;
            &lt;Name&gt;class&lt;/Name&gt;
            &lt;AttributeValue&gt;fls&lt;/AttributeValue&gt;
          &lt;/Attribute&gt;
        &lt;/CellAttributes&gt;
      &lt;/Cell&gt;
      &lt;Cell&gt;
        &lt;Value&gt;&amp;lt;GEN:FIELDVALUE NAME="New_pass" /&amp;gt;&lt;/Value&gt;
        &lt;CellAttributes&gt;
          &lt;Attribute&gt;
            &lt;Name&gt;class&lt;/Name&gt;
            &lt;AttributeValue&gt;dfv&lt;/AttributeValue&gt;
          &lt;/Attribute&gt;
        &lt;/CellAttributes&gt;
      &lt;/Cell&gt;
      &lt;RowAttributes /&gt;
    &lt;/Row&gt;
    &lt;Row&gt;
      &lt;Cell&gt;
        &lt;Value&gt;&amp;lt;GEN:FIELDLABEL NAME="PasswordLabel2" /&amp;gt;&lt;/Value&gt;
        &lt;CellAttributes&gt;
          &lt;Attribute&gt;
            &lt;Name&gt;class&lt;/Name&gt;
            &lt;AttributeValue&gt;fls&lt;/AttributeValue&gt;
          &lt;/Attribute&gt;
        &lt;/CellAttributes&gt;
      &lt;/Cell&gt;
      &lt;Cell&gt;
        &lt;Value&gt;&amp;lt;GEN:FIELDVALUE NAME="Confirm_pass" /&amp;gt;&lt;/Value&gt;
        &lt;CellAttributes&gt;
          &lt;Attribute&gt;
            &lt;Name&gt;class&lt;/Name&gt;
            &lt;AttributeValue&gt;dfv&lt;/AttributeValue&gt;
          &lt;/Attribute&gt;
        &lt;/CellAttributes&gt;
      &lt;/Cell&gt;
      &lt;RowAttributes /&gt;
    &lt;/Row&gt;
    &lt;Row&gt;
      &lt;Cell&gt;
        &lt;CellAttributes&gt;
          &lt;Attribute&gt;
            &lt;Name&gt;class&lt;/Name&gt;
            &lt;AttributeValue&gt;fls&lt;/AttributeValue&gt;
          &lt;/Attribute&gt;
        &lt;/CellAttributes&gt;
      &lt;/Cell&gt;
      &lt;Cell&gt;
        &lt;CellAttributes&gt;
          &lt;Attribute&gt;
            &lt;Name&gt;class&lt;/Name&gt;
            &lt;AttributeValue&gt;dfv&lt;/AttributeValue&gt;
          &lt;/Attribute&gt;
        &lt;/CellAttributes&gt;
      &lt;/Cell&gt;
      &lt;RowAttributes /&gt;
    &lt;/Row&gt;
    &lt;Row&gt;
      &lt;Cell&gt;
        &lt;Value&gt;&amp;lt;GEN:Button Name="SaveButton" /&amp;gt;&lt;/Value&gt;
        &lt;CellAttributes&gt;
          &lt;Attribute&gt;
            &lt;Name&gt;class&lt;/Name&gt;
            &lt;AttributeValue&gt;fls&lt;/AttributeValue&gt;
          &lt;/Attribute&gt;
        &lt;/CellAttributes&gt;
      &lt;/Cell&gt;
      &lt;Cell&gt;
        &lt;CellAttributes&gt;
          &lt;Attribute&gt;
            &lt;Name&gt;class&lt;/Name&gt;
            &lt;AttributeValue&gt;dfv&lt;/AttributeValue&gt;
          &lt;/Attribute&gt;
        &lt;/CellAttributes&gt;
      &lt;/Cell&gt;
      &lt;RowAttributes /&gt;
    &lt;/Row&gt;
    &lt;Epilog /&gt;
    &lt;TableAttributes&gt;
      &lt;Attribute&gt;
        &lt;Name&gt;cellpadding&lt;/Name&gt;
        &lt;AttributeValue&gt;0&lt;/AttributeValue&gt;
      &lt;/Attribute&gt;
      &lt;Attribute&gt;
        &lt;Name&gt;cellspacing&lt;/Name&gt;
        &lt;AttributeValue&gt;0&lt;/AttributeValue&gt;
      &lt;/Attribute&gt;
      &lt;Attribute&gt;
        &lt;Name&gt;border&lt;/Name&gt;
        &lt;AttributeValue&gt;0&lt;/AttributeValue&gt;
      &lt;/Attribute&gt;
    &lt;/TableAttributes&gt;
  &lt;/Layout&gt;
&lt;/LayoutDefinition&gt;]]&gt;</LayoutDefinition>
</ComponentDefinition>