﻿<?xml version="1.0" encoding="UTF-8" standalone="no"?>
<ComponentDefinition xmlns:xsi="http://www.w3.org/2001/XMLSchema-instance" xmlns:xsd="http://www.w3.org/2001/XMLSchema" xmlns="http://www.ironspeed.com/designer">
  <Generator>Iron Speed Designer</Generator>
  <Version>9.0.1</Version>
  <Self>
    <Name>DashBoard</Name>
    <Type>Page</Type>
    <SubType>DotNet</SubType>
    <MasterLayout>../Master Pages/VerticalMenu.master</MasterLayout>
    <GenerateDirectory>DashBoard</GenerateDirectory>
    <Layout>DashBoard\DashBoard.xml</Layout>
    <DisplayName>DashBoard</DisplayName>
    <Description>This is a blank page.</Description>
    <LoginRequired>&lt;PRoles&gt;NOT_ANONYMOUS&lt;/PRoles&gt;</LoginRequired>
    <CheckSum>-506535028-1142</CheckSum>
  </Self>
  <ComposedOf>
    <ContainedComponent>
      <Name>lit_log9</Name>
      <Type>Aspx</Type>
      <ControlClass>System.Web.UI.WebControls.Literal</ControlClass>
    </ContainedComponent>
    <ContainedComponent>
      <Name>lit_overview</Name>
      <Type>Aspx</Type>
      <ControlClass>System.Web.UI.WebControls.Literal</ControlClass>
    </ContainedComponent>
    <ContainedComponent>
      <Name>lit_quick_access9</Name>
      <Type>Aspx</Type>
      <ControlClass>System.Web.UI.WebControls.Literal</ControlClass>
    </ContainedComponent>
    <ContainedComponent>
      <Name>lit_quick_log_ref</Name>
      <Type>Aspx</Type>
      <ControlClass>System.Web.UI.WebControls.Literal</ControlClass>
    </ContainedComponent>
    <ContainedComponent>
      <Name>PageTitle</Name>
      <Type>Literal</Type>
      <PassthroughAttributes>
        <Attribute>
          <Name>Text</Name>
          <Value>Tổng quan</Value>
        </Attribute>
      </PassthroughAttributes>
    </ContainedComponent>
    <ContainedComponent>
      <Name>UpdatePanel1</Name>
      <Type>UpdatePanel</Type>
      <PassthroughAttributes>
        <Attribute>
          <Name>SmoothPanelUpdate</Name>
          <Value>True</Value>
        </Attribute>
      </PassthroughAttributes>
    </ContainedComponent>
  </ComposedOf>
  <LayoutDefinition>&lt;![CDATA[&lt;?xml version="1.0" encoding="utf-16"?&gt;
&lt;LayoutDefinition xmlns:xsi="http://www.w3.org/2001/XMLSchema-instance" xmlns:xsd="http://www.w3.org/2001/XMLSchema"&gt;
  &lt;Layout Name="Page" Type="RootLayout"&gt;
    &lt;Prolog&gt;
      &lt;Value&gt;&amp;lt;asp:Content id="PageSection" ContentPlaceHolderID="PageContent" Runat="server"&amp;gt;
    &amp;lt;a id="StartOfPageContent"&amp;gt;&amp;lt;/a&amp;gt;
    &amp;lt;GEN:UPDATEPANEL NAME="UpdatePanel1"&amp;gt;
                &lt;/Value&gt;
    &lt;/Prolog&gt;
    &lt;Row&gt;
      &lt;Cell&gt;
        &lt;Value&gt;
&amp;lt;GEN:PANEL NAME="BlankPanelWithHeader" /&amp;gt;&lt;/Value&gt;
        &lt;CellAttributes /&gt;
      &lt;/Cell&gt;
      &lt;RowAttributes /&gt;
    &lt;/Row&gt;
    &lt;Epilog&gt;
      &lt;Value&gt;
    &amp;lt;/GEN:UPDATEPANEL&amp;gt;
    &amp;lt;div id="detailPopup" class="detailRolloverPopup" onmouseout="detailRolloverPopupClose();" onmouseover="clearTimeout(gPopupTimer);"&amp;gt;&amp;lt;/div&amp;gt;
    &amp;lt;asp:ValidationSummary id="ValidationSummary1" ShowMessageBox="true" ShowSummary="false" runat="server"&amp;gt;&amp;lt;/asp:ValidationSummary&amp;gt;
&amp;lt;/asp:Content&amp;gt;
                &lt;/Value&gt;
    &lt;/Epilog&gt;
    &lt;TableAttributes&gt;
      &lt;Attribute&gt;
        &lt;Name&gt;cellpadding&lt;/Name&gt;
        &lt;AttributeValue&gt;0&lt;/AttributeValue&gt;
      &lt;/Attribute&gt;
      &lt;Attribute&gt;
        &lt;Name&gt;cellspacing&lt;/Name&gt;
        &lt;AttributeValue&gt;0&lt;/AttributeValue&gt;
      &lt;/Attribute&gt;
      &lt;Attribute&gt;
        &lt;Name&gt;border&lt;/Name&gt;
        &lt;AttributeValue&gt;0&lt;/AttributeValue&gt;
      &lt;/Attribute&gt;
    &lt;/TableAttributes&gt;
  &lt;/Layout&gt;
  &lt;Layout Name="BlankPanelWithHeader" Type="BlankPanel"&gt;
    &lt;Prolog /&gt;
    &lt;Row&gt;
      &lt;Cell&gt;
        &lt;Value&gt;&amp;lt;GEN:PANEL NAME="BlankFramePanelHeader"/&amp;gt;&lt;/Value&gt;
        &lt;CellAttributes&gt;
          &lt;Attribute&gt;
            &lt;Name&gt;class&lt;/Name&gt;
            &lt;AttributeValue&gt;dh&lt;/AttributeValue&gt;
          &lt;/Attribute&gt;
        &lt;/CellAttributes&gt;
      &lt;/Cell&gt;
      &lt;RowAttributes /&gt;
    &lt;/Row&gt;
    &lt;Row&gt;
      &lt;Cell&gt;
        &lt;Value&gt;&amp;lt;asp:panel id="BlankFrameCollapsibleRegion" runat="server"&amp;gt;&amp;lt;GEN:PANEL NAME="BlankFramePanel"/&amp;gt;&amp;lt;/asp:panel&amp;gt;&lt;/Value&gt;
        &lt;CellAttributes /&gt;
      &lt;/Cell&gt;
      &lt;RowAttributes /&gt;
    &lt;/Row&gt;
    &lt;Epilog /&gt;
    &lt;TableAttributes&gt;
      &lt;Attribute&gt;
        &lt;Name&gt;class&lt;/Name&gt;
        &lt;AttributeValue&gt;dv&lt;/AttributeValue&gt;
      &lt;/Attribute&gt;
      &lt;Attribute&gt;
        &lt;Name&gt;cellpadding&lt;/Name&gt;
        &lt;AttributeValue&gt;0&lt;/AttributeValue&gt;
      &lt;/Attribute&gt;
      &lt;Attribute&gt;
        &lt;Name&gt;cellspacing&lt;/Name&gt;
        &lt;AttributeValue&gt;0&lt;/AttributeValue&gt;
      &lt;/Attribute&gt;
      &lt;Attribute&gt;
        &lt;Name&gt;border&lt;/Name&gt;
        &lt;AttributeValue&gt;0&lt;/AttributeValue&gt;
      &lt;/Attribute&gt;
    &lt;/TableAttributes&gt;
  &lt;/Layout&gt;
  &lt;Layout Name="BlankFramePanelHeader" Type="BlankPanel"&gt;
    &lt;Prolog /&gt;
    &lt;Row&gt;
      &lt;Cell&gt;
        &lt;Value&gt;&amp;lt;img src="../Images/space.gif" alt=""/&amp;gt;&lt;/Value&gt;
        &lt;CellAttributes&gt;
          &lt;Attribute&gt;
            &lt;Name&gt;class&lt;/Name&gt;
            &lt;AttributeValue&gt;dhel&lt;/AttributeValue&gt;
          &lt;/Attribute&gt;
        &lt;/CellAttributes&gt;
      &lt;/Cell&gt;
      &lt;Cell&gt;
        &lt;Value&gt;&amp;lt;GEN:PANEL NAME="BlankFrameTitleRegion"/&amp;gt;&lt;/Value&gt;
        &lt;CellAttributes&gt;
          &lt;Attribute&gt;
            &lt;Name&gt;class&lt;/Name&gt;
            &lt;AttributeValue&gt;dhb&lt;/AttributeValue&gt;
          &lt;/Attribute&gt;
        &lt;/CellAttributes&gt;
      &lt;/Cell&gt;
      &lt;Cell&gt;
        &lt;Value&gt;&amp;lt;img src="../Images/space.gif" alt=""/&amp;gt;&lt;/Value&gt;
        &lt;CellAttributes&gt;
          &lt;Attribute&gt;
            &lt;Name&gt;class&lt;/Name&gt;
            &lt;AttributeValue&gt;dher&lt;/AttributeValue&gt;
          &lt;/Attribute&gt;
        &lt;/CellAttributes&gt;
      &lt;/Cell&gt;
      &lt;RowAttributes /&gt;
    &lt;/Row&gt;
    &lt;Epilog /&gt;
    &lt;TableAttributes&gt;
      &lt;Attribute&gt;
        &lt;Name&gt;cellpadding&lt;/Name&gt;
        &lt;AttributeValue&gt;0&lt;/AttributeValue&gt;
      &lt;/Attribute&gt;
      &lt;Attribute&gt;
        &lt;Name&gt;cellspacing&lt;/Name&gt;
        &lt;AttributeValue&gt;0&lt;/AttributeValue&gt;
      &lt;/Attribute&gt;
      &lt;Attribute&gt;
        &lt;Name&gt;border&lt;/Name&gt;
        &lt;AttributeValue&gt;0&lt;/AttributeValue&gt;
      &lt;/Attribute&gt;
      &lt;Attribute&gt;
        &lt;Name&gt;width&lt;/Name&gt;
        &lt;AttributeValue&gt;100%&lt;/AttributeValue&gt;
      &lt;/Attribute&gt;
    &lt;/TableAttributes&gt;
  &lt;/Layout&gt;
  &lt;Layout Name="BlankFrameTitleRegion" Type="BlankPanel"&gt;
    &lt;Prolog /&gt;
    &lt;Row&gt;
      &lt;Cell&gt;
        &lt;Value&gt;Tổng quan&lt;/Value&gt;
        &lt;CellAttributes&gt;
          &lt;Attribute&gt;
            &lt;Name&gt;class&lt;/Name&gt;
            &lt;AttributeValue&gt;dht&lt;/AttributeValue&gt;
          &lt;/Attribute&gt;
          &lt;Attribute&gt;
            &lt;Name&gt;valign&lt;/Name&gt;
            &lt;AttributeValue&gt;middle&lt;/AttributeValue&gt;
          &lt;/Attribute&gt;
        &lt;/CellAttributes&gt;
      &lt;/Cell&gt;
      &lt;RowAttributes /&gt;
    &lt;/Row&gt;
    &lt;Epilog /&gt;
    &lt;TableAttributes&gt;
      &lt;Attribute&gt;
        &lt;Name&gt;cellpadding&lt;/Name&gt;
        &lt;AttributeValue&gt;0&lt;/AttributeValue&gt;
      &lt;/Attribute&gt;
      &lt;Attribute&gt;
        &lt;Name&gt;cellspacing&lt;/Name&gt;
        &lt;AttributeValue&gt;0&lt;/AttributeValue&gt;
      &lt;/Attribute&gt;
      &lt;Attribute&gt;
        &lt;Name&gt;border&lt;/Name&gt;
        &lt;AttributeValue&gt;0&lt;/AttributeValue&gt;
      &lt;/Attribute&gt;
    &lt;/TableAttributes&gt;
  &lt;/Layout&gt;
  &lt;Layout Name="BlankFramePanel" Type="BlankPanel"&gt;
    &lt;Prolog /&gt;
    &lt;Row&gt;
      &lt;Cell&gt;
        &lt;Value&gt;&amp;lt;GEN:PANEL NAME="BlankPanel"/&amp;gt;&lt;/Value&gt;
        &lt;CellAttributes&gt;
          &lt;Attribute&gt;
            &lt;Name&gt;class&lt;/Name&gt;
            &lt;AttributeValue&gt;tre&lt;/AttributeValue&gt;
          &lt;/Attribute&gt;
          &lt;Attribute&gt;
            &lt;Name&gt;style&lt;/Name&gt;
            &lt;AttributeValue&gt;margin-top:-10px;padding-top:-20px;&lt;/AttributeValue&gt;
          &lt;/Attribute&gt;
        &lt;/CellAttributes&gt;
      &lt;/Cell&gt;
      &lt;RowAttributes /&gt;
    &lt;/Row&gt;
    &lt;Epilog /&gt;
    &lt;TableAttributes&gt;
      &lt;Attribute&gt;
        &lt;Name&gt;class&lt;/Name&gt;
        &lt;AttributeValue&gt;dBody&lt;/AttributeValue&gt;
      &lt;/Attribute&gt;
      &lt;Attribute&gt;
        &lt;Name&gt;cellpadding&lt;/Name&gt;
        &lt;AttributeValue&gt;0&lt;/AttributeValue&gt;
      &lt;/Attribute&gt;
      &lt;Attribute&gt;
        &lt;Name&gt;cellspacing&lt;/Name&gt;
        &lt;AttributeValue&gt;0&lt;/AttributeValue&gt;
      &lt;/Attribute&gt;
      &lt;Attribute&gt;
        &lt;Name&gt;border&lt;/Name&gt;
        &lt;AttributeValue&gt;0&lt;/AttributeValue&gt;
      &lt;/Attribute&gt;
      &lt;Attribute&gt;
        &lt;Name&gt;width&lt;/Name&gt;
        &lt;AttributeValue&gt;100%&lt;/AttributeValue&gt;
      &lt;/Attribute&gt;
    &lt;/TableAttributes&gt;
  &lt;/Layout&gt;
  &lt;Layout Name="BlankPanel" Type="BlankPanel"&gt;
    &lt;Prolog /&gt;
    &lt;Row&gt;
      &lt;Cell&gt;
        &lt;Value&gt;&amp;lt;h1 class="page-header_h"&amp;gt;Tổng quan&amp;lt;/h1&amp;gt;
&amp;lt;asp:literal id="lit_overview" runat="server" text="Text for literal goes here"&amp;gt;&amp;lt;/asp:literal&amp;gt;

&amp;lt;div id="x2" style="display:block;width:100%;height:auto;position:relative"&amp;gt;
&amp;lt;table&amp;gt;
&amp;lt;tr&amp;gt;
&amp;lt;td style="width:70%;text-align:left;vertical-align:top;"&amp;gt;

&amp;lt;asp:literal id="lit_quick_access10" runat="server" text="Text for literal goes here"&amp;gt;&amp;lt;/asp:literal&amp;gt;




&amp;lt;/td&amp;gt;
&amp;lt;td style="width:30%;text-align:left;vertical-align:top;"&amp;gt;
&amp;lt;asp:literal id="lit_log10" runat="server" text="Text for literal goes here"&amp;gt;&amp;lt;/asp:literal&amp;gt;

&amp;lt;/td&amp;gt;

&amp;lt;/tr&amp;gt;

&amp;lt;/table&amp;gt;

&amp;lt;/div&amp;gt;






&amp;lt;!----------------------&amp;gt;



&amp;lt;asp:literal id="lit_quick_log_ref" runat="server" text="Text for literal goes here"&amp;gt;&amp;lt;/asp:literal&amp;gt;&lt;/Value&gt;
        &lt;CellAttributes&gt;
          &lt;Attribute&gt;
            &lt;Name&gt;style&lt;/Name&gt;
            &lt;AttributeValue&gt;width:100%;background: #f1f4f7;&lt;/AttributeValue&gt;
          &lt;/Attribute&gt;
        &lt;/CellAttributes&gt;
      &lt;/Cell&gt;
      &lt;RowAttributes /&gt;
    &lt;/Row&gt;
    &lt;Epilog /&gt;
    &lt;TableAttributes&gt;
      &lt;Attribute&gt;
        &lt;Name&gt;cellpadding&lt;/Name&gt;
        &lt;AttributeValue&gt;0&lt;/AttributeValue&gt;
      &lt;/Attribute&gt;
      &lt;Attribute&gt;
        &lt;Name&gt;cellspacing&lt;/Name&gt;
        &lt;AttributeValue&gt;0&lt;/AttributeValue&gt;
      &lt;/Attribute&gt;
      &lt;Attribute&gt;
        &lt;Name&gt;border&lt;/Name&gt;
        &lt;AttributeValue&gt;0&lt;/AttributeValue&gt;
      &lt;/Attribute&gt;
    &lt;/TableAttributes&gt;
  &lt;/Layout&gt;
&lt;/LayoutDefinition&gt;]]&gt;</LayoutDefinition>
</ComponentDefinition>