<?xml version="1.0" encoding="UTF-8" standalone="no"?>
<ComponentDefinition xmlns:xsd="http://www.w3.org/2001/XMLSchema" xmlns:xsi="http://www.w3.org/2001/XMLSchema-instance" xmlns="http://www.ironspeed.com/designer">
  <Generator>Iron Speed Designer</Generator>
  <Version>9.0.1</Version>
  <Self>
    <Name>FooterMobile</Name>
    <Type>Footer</Type>
    <GenerateDirectory>Header and Footer</GenerateDirectory>
    <Layout>Header and Footer\FooterMobile.html</Layout>
    <DisplayName>Footer</DisplayName>
    <Description>(Description)</Description>
    <DeviceSize>Small</DeviceSize>
  </Self>
  <ComposedOf>
    <ContainedComponent>
      <Name>CopyrightMobile</Name>
      <Type>Html</Type>
      <PassthroughAttributes>
        <Attribute>
          <Name>Text</Name>
          <Value>Copyright &#169; 2011 Your Company Name. All rights reserved.</Value>
        </Attribute>
      </PassthroughAttributes>
    </ContainedComponent>
  </ComposedOf>
  <LayoutDefinition>&lt;![CDATA[&lt;?xml version="1.0" encoding="utf-16"?&gt;
    &lt;LayoutDefinition xmlns:xsi="http://www.w3.org/2001/XMLSchema-instance" xmlns:xsd="http://www.w3.org/2001/XMLSchema"&gt;
    
      &lt;Layout Name="FooterMobile" Type="RootLayout"&gt;
	  
		&lt;Prolog&gt;
		  &lt;Value&gt;&lt;/Value&gt;
	    &lt;/Prolog&gt;
        &lt;Row&gt;
          &lt;Cell&gt;
            &lt;Value&gt;&amp;lt;GEN:HTML Name="CopyrightMobile"/&amp;gt;&lt;/Value&gt;
            &lt;CellAttributes&gt;
              &lt;Attribute&gt;
                &lt;Name&gt;class&lt;/Name&gt;
                &lt;AttributeValue&gt;mobileFooter&lt;/AttributeValue&gt;
              &lt;/Attribute&gt;
            &lt;/CellAttributes&gt;
          &lt;/Cell&gt;
        &lt;/Row&gt;
		
		&lt;Epilog&gt;
		  &lt;Value&gt;&lt;/Value&gt;
	    &lt;/Epilog&gt;
		   
	    &lt;TableAttributes&gt;
		  &lt;Attribute&gt;
			&lt;Name&gt;cellpadding&lt;/Name&gt;
			&lt;AttributeValue&gt;0&lt;/AttributeValue&gt;
		  &lt;/Attribute&gt;
		  &lt;Attribute&gt;
			&lt;Name&gt;cellspacing&lt;/Name&gt;
			&lt;AttributeValue&gt;0&lt;/AttributeValue&gt;
		  &lt;/Attribute&gt;
		  &lt;Attribute&gt;
		 	&lt;Name&gt;border&lt;/Name&gt;
			&lt;AttributeValue&gt;0&lt;/AttributeValue&gt;
		  &lt;/Attribute&gt;
		  &lt;Attribute&gt;
		 	&lt;Name&gt;width&lt;/Name&gt;
			&lt;AttributeValue&gt;100%&lt;/AttributeValue&gt;
		  &lt;/Attribute&gt;
		&lt;/TableAttributes&gt;

      &lt;/Layout&gt;
        
    &lt;/LayoutDefinition&gt;]]&gt;
  </LayoutDefinition>
</ComponentDefinition>