﻿<?xml version="1.0" encoding="UTF-8" standalone="no"?>
<ComponentDefinition xmlns:xsi="http://www.w3.org/2001/XMLSchema-instance" xmlns:xsd="http://www.w3.org/2001/XMLSchema" xmlns="http://www.ironspeed.com/designer">
  <Generator>Iron Speed Designer</Generator>
  <Version>9.0.1</Version>
  <Self>
    <Name>Header</Name>
    <Type>Header</Type>
    <SubType>DotNet</SubType>
    <GenerateDirectory>Header and Footer</GenerateDirectory>
    <Layout>Header and Footer\Header.html</Layout>
    <DisplayName>Header</DisplayName>
    <Description>(Description)</Description>
  </Self>
  <ComposedOf>
    <ContainedComponent>
      <Name>Divider0</Name>
      <Type>Image</Type>
      <PassthroughAttributes>
        <Attribute>
          <Name>alt</Name>
          <Value />
        </Attribute>
        <Attribute>
          <Name>ImageURL</Name>
          <Value>../Images/SignInBarDivider.gif</Value>
        </Attribute>
      </PassthroughAttributes>
    </ContainedComponent>
    <ContainedComponent>
      <Name>Divider1</Name>
      <Type>Image</Type>
      <PassthroughAttributes>
        <Attribute>
          <Name>alt</Name>
          <Value />
        </Attribute>
        <Attribute>
          <Name>ImageURL</Name>
          <Value>../Images/SignInBarDivider.gif</Value>
        </Attribute>
      </PassthroughAttributes>
    </ContainedComponent>
    <ContainedComponent>
      <Name>Divider2</Name>
      <Type>Image</Type>
      <PassthroughAttributes>
        <Attribute>
          <Name>alt</Name>
          <Value />
        </Attribute>
        <Attribute>
          <Name>ImageURL</Name>
          <Value>../Images/SignInBarDivider.gif</Value>
        </Attribute>
      </PassthroughAttributes>
    </ContainedComponent>
    <ContainedComponent>
      <Name>LanguageSelector</Name>
      <Type>Aspx</Type>
      <PassthroughAttributes>
        <Attribute>
          <Name>CommandName</Name>
          <Value>LanguageSelector</Value>
        </Attribute>
      </PassthroughAttributes>
      <ControlClass>System.Web.UI.WebControls.DropDownList</ControlClass>
    </ContainedComponent>
    <ContainedComponent>
      <Name>LeftImage</Name>
      <Type>Image</Type>
      <PassthroughAttributes>
        <Attribute>
          <Name>alt</Name>
          <Value />
        </Attribute>
        <Attribute>
          <Name>Height</Name>
          <Value>23</Value>
        </Attribute>
        <Attribute>
          <Name>ImageURL</Name>
          <Value>../Images/SignInBarL.gif</Value>
        </Attribute>
        <Attribute>
          <Name>Width</Name>
          <Value>36</Value>
        </Attribute>
      </PassthroughAttributes>
    </ContainedComponent>
    <ContainedComponent>
      <Name>lit_nav</Name>
      <Type>Aspx</Type>
      <ControlClass>System.Web.UI.WebControls.Literal</ControlClass>
    </ContainedComponent>
    <ContainedComponent>
      <Name>Logo</Name>
      <Type>Image</Type>
      <PassthroughAttributes>
        <Attribute>
          <Name>alt</Name>
          <Value>Txt:PageHeader</Value>
          <Type>ResourceReference</Type>
        </Attribute>
        <Attribute>
          <Name>ImageURL</Name>
          <Value>../Images/Logo.gif</Value>
        </Attribute>
        <Attribute>
          <Name>style</Name>
          <Value>border-width:0px;</Value>
        </Attribute>
      </PassthroughAttributes>
    </ContainedComponent>
    <ContainedComponent>
      <Name>PageTitle</Name>
      <Type>Literal</Type>
      <PassthroughAttributes>
        <Attribute>
          <Name>Text</Name>
          <Value />
        </Attribute>
      </PassthroughAttributes>
    </ContainedComponent>
    <ContainedComponent>
      <Name>RightImage</Name>
      <Type>Image</Type>
      <PassthroughAttributes>
        <Attribute>
          <Name>alt</Name>
          <Value />
        </Attribute>
        <Attribute>
          <Name>Height</Name>
          <Value>23</Value>
        </Attribute>
        <Attribute>
          <Name>ImageURL</Name>
          <Value>../Images/SignInBarR.gif</Value>
        </Attribute>
        <Attribute>
          <Name>Width</Name>
          <Value>36</Value>
        </Attribute>
      </PassthroughAttributes>
    </ContainedComponent>
    <ContainedComponent>
      <Name>SignIn</Name>
      <Type>LinkButton</Type>
      <PassthroughAttributes>
        <Attribute>
          <Name>CausesValidation</Name>
          <Value>False</Value>
        </Attribute>
        <Attribute>
          <Name>CommandName</Name>
          <Value>ShowSignIn</Value>
        </Attribute>
        <Attribute>
          <Name>ToolTip</Name>
          <Value>SignIn</Value>
        </Attribute>
      </PassthroughAttributes>
    </ContainedComponent>
    <ContainedComponent>
      <Name>SignInBarPrintButton</Name>
      <Type>Image</Type>
      <PassthroughAttributes>
        <Attribute>
          <Name>alt</Name>
          <Value>Print</Value>
        </Attribute>
        <Attribute>
          <Name>CausesValidation</Name>
          <Value>False</Value>
        </Attribute>
        <Attribute>
          <Name>CommandName</Name>
          <Value>ShowSignInBarPrintButton</Value>
        </Attribute>
        <Attribute>
          <Name>ImageURL</Name>
          <Value>../Images/SignInBarPrint.gif</Value>
        </Attribute>
        <Attribute>
          <Name>name</Name>
          <Value>SignInBarPrintButton</Value>
        </Attribute>
        <Attribute>
          <Name>onmouseout</Name>
          <Value>this.src='../Images/SignInBarPrint.gif';</Value>
        </Attribute>
        <Attribute>
          <Name>onmouseover</Name>
          <Value>this.src='../Images/SignInBarPrintOver.gif';</Value>
        </Attribute>
        <Attribute>
          <Name>style</Name>
          <Value>border:0px;</Value>
        </Attribute>
        <Attribute>
          <Name>ToolTip</Name>
          <Value>Txt:PrintPage</Value>
          <Type>ResourceReference</Type>
        </Attribute>
      </PassthroughAttributes>
    </ContainedComponent>
    <ContainedComponent>
      <Name>SIOImage</Name>
      <Type>ImageButton</Type>
      <PassthroughAttributes>
        <Attribute>
          <Name>alt</Name>
          <Value>SignInButton</Value>
        </Attribute>
        <Attribute>
          <Name>CausesValidation</Name>
          <Value>False</Value>
        </Attribute>
        <Attribute>
          <Name>CommandName</Name>
          <Value>ShowSIOImage</Value>
        </Attribute>
        <Attribute>
          <Name>ImageURL</Name>
          <Value>../Images/SignInBarSignIn.gif</Value>
        </Attribute>
      </PassthroughAttributes>
    </ContainedComponent>
    <ContainedComponent>
      <Name>SkipNavigationLinks</Name>
      <Type>HyperLink</Type>
      <PassthroughAttributes>
        <Attribute>
          <Name>CssClass</Name>
          <Value>skipNavigationLinks</Value>
        </Attribute>
        <Attribute>
          <Name>NavigateURL</Name>
          <Value>#StartOfPageContent</Value>
        </Attribute>
        <Attribute>
          <Name>Text</Name>
          <Value>Txt:SkipNavigation</Value>
          <Type>ResourceReference</Type>
        </Attribute>
        <Attribute>
          <Name>ToolTip</Name>
          <Value>Txt:SkipNavigation</Value>
          <Type>ResourceReference</Type>
        </Attribute>
      </PassthroughAttributes>
    </ContainedComponent>
    <ContainedComponent>
      <Name>ThemeSelector</Name>
      <Type>Aspx</Type>
      <PassthroughAttributes>
        <Attribute>
          <Name>CommandName</Name>
          <Value>ThemeSelector</Value>
        </Attribute>
      </PassthroughAttributes>
      <ControlClass>System.Web.UI.WebControls.DropDownList</ControlClass>
    </ContainedComponent>
    <ContainedComponent>
      <Name>UpdatePanel1</Name>
      <Type>UpdatePanel</Type>
      <PassthroughAttributes>
        <Attribute>
          <Name>SmoothPanelUpdate</Name>
          <Value>True</Value>
        </Attribute>
      </PassthroughAttributes>
    </ContainedComponent>
    <ContainedComponent>
      <Name>UserStatusLbl</Name>
      <Type>Label</Type>
      <PassthroughAttributes>
        <Attribute>
          <Name>CommandName</Name>
          <Value>ShowUserStatusLbl</Value>
        </Attribute>
      </PassthroughAttributes>
    </ContainedComponent>
  </ComposedOf>
  <LayoutDefinition>&lt;![CDATA[&lt;?xml version="1.0" encoding="utf-16"?&gt;
&lt;LayoutDefinition xmlns:xsi="http://www.w3.org/2001/XMLSchema-instance" xmlns:xsd="http://www.w3.org/2001/XMLSchema"&gt;
  &lt;Layout Name="Header" Type="RootLayout"&gt;
    &lt;Prolog /&gt;
    &lt;Row&gt;
      &lt;Cell&gt;
        &lt;Value&gt;&amp;lt;GEN:HYPERLINK NAME="SkipNavigationLinks"/&amp;gt;&lt;/Value&gt;
        &lt;CellAttributes&gt;
          &lt;Attribute&gt;
            &lt;Name&gt;style&lt;/Name&gt;
            &lt;AttributeValue&gt;vertical-align:top;&lt;/AttributeValue&gt;
          &lt;/Attribute&gt;
        &lt;/CellAttributes&gt;
      &lt;/Cell&gt;
      &lt;Cell&gt;
        &lt;Value&gt;&amp;lt;GEN:PANEL NAME="HeaderSecurity"/&amp;gt;&lt;/Value&gt;
        &lt;CellAttributes&gt;
          &lt;Attribute&gt;
            &lt;Name&gt;style&lt;/Name&gt;
            &lt;AttributeValue&gt;text-align:right; vertical-align:top;width:150px;&lt;/AttributeValue&gt;
          &lt;/Attribute&gt;
          &lt;Attribute&gt;
            &lt;Name&gt;rowspan&lt;/Name&gt;
            &lt;AttributeValue&gt;2&lt;/AttributeValue&gt;
          &lt;/Attribute&gt;
        &lt;/CellAttributes&gt;
      &lt;/Cell&gt;
      &lt;RowAttributes /&gt;
    &lt;/Row&gt;
    &lt;Row&gt;
      &lt;Cell&gt;
        &lt;Value&gt;&amp;lt;GEN:IMAGE NAME="Logo"/&amp;gt;&lt;/Value&gt;
        &lt;CellAttributes /&gt;
      &lt;/Cell&gt;
      &lt;RowAttributes /&gt;
    &lt;/Row&gt;
    &lt;Row&gt;
      &lt;Cell&gt;
        &lt;Value&gt;&amp;lt;asp:literal id="lit_nav" runat="server" text="Text for literal goes here"&amp;gt;&amp;lt;/asp:literal&amp;gt;&lt;/Value&gt;
        &lt;CellAttributes&gt;
          &lt;Attribute&gt;
            &lt;Name&gt;colspan&lt;/Name&gt;
            &lt;AttributeValue&gt;2&lt;/AttributeValue&gt;
          &lt;/Attribute&gt;
        &lt;/CellAttributes&gt;
      &lt;/Cell&gt;
      &lt;RowAttributes /&gt;
    &lt;/Row&gt;
    &lt;Epilog /&gt;
    &lt;TableAttributes&gt;
      &lt;Attribute&gt;
        &lt;Name&gt;cellpadding&lt;/Name&gt;
        &lt;AttributeValue&gt;0&lt;/AttributeValue&gt;
      &lt;/Attribute&gt;
      &lt;Attribute&gt;
        &lt;Name&gt;cellspacing&lt;/Name&gt;
        &lt;AttributeValue&gt;0&lt;/AttributeValue&gt;
      &lt;/Attribute&gt;
      &lt;Attribute&gt;
        &lt;Name&gt;border&lt;/Name&gt;
        &lt;AttributeValue&gt;0&lt;/AttributeValue&gt;
      &lt;/Attribute&gt;
      &lt;Attribute&gt;
        &lt;Name&gt;width&lt;/Name&gt;
        &lt;AttributeValue&gt;100%&lt;/AttributeValue&gt;
      &lt;/Attribute&gt;
      &lt;Attribute&gt;
        &lt;Name&gt;class&lt;/Name&gt;
        &lt;AttributeValue&gt;logoBG&lt;/AttributeValue&gt;
      &lt;/Attribute&gt;
    &lt;/TableAttributes&gt;
  &lt;/Layout&gt;
  &lt;Layout Name="HeaderSecurity"&gt;
    &lt;Prolog /&gt;
    &lt;Row&gt;
      &lt;Cell&gt;
        &lt;Value&gt;&amp;lt;GEN:PANEL NAME="PageHeaderButtons"/&amp;gt;&lt;/Value&gt;
        &lt;CellAttributes /&gt;
      &lt;/Cell&gt;
      &lt;RowAttributes /&gt;
    &lt;/Row&gt;
    &lt;Epilog /&gt;
    &lt;TableAttributes&gt;
      &lt;Attribute&gt;
        &lt;Name&gt;cellpadding&lt;/Name&gt;
        &lt;AttributeValue&gt;0&lt;/AttributeValue&gt;
      &lt;/Attribute&gt;
      &lt;Attribute&gt;
        &lt;Name&gt;cellspacing&lt;/Name&gt;
        &lt;AttributeValue&gt;0&lt;/AttributeValue&gt;
      &lt;/Attribute&gt;
      &lt;Attribute&gt;
        &lt;Name&gt;border&lt;/Name&gt;
        &lt;AttributeValue&gt;0&lt;/AttributeValue&gt;
      &lt;/Attribute&gt;
    &lt;/TableAttributes&gt;
  &lt;/Layout&gt;
  &lt;Layout Name="PageHeaderButtons"&gt;
    &lt;Prolog /&gt;
    &lt;Row&gt;
      &lt;Cell&gt;
        &lt;CellAttributes&gt;
          &lt;Attribute&gt;
            &lt;Name&gt;style&lt;/Name&gt;
            &lt;AttributeValue&gt;width:100%;&lt;/AttributeValue&gt;
          &lt;/Attribute&gt;
        &lt;/CellAttributes&gt;
      &lt;/Cell&gt;
      &lt;Cell&gt;
        &lt;Value&gt;&amp;lt;GEN:Image NAME="LeftImage"/&amp;gt;&lt;/Value&gt;
        &lt;CellAttributes /&gt;
      &lt;/Cell&gt;
      &lt;Cell&gt;
        &lt;Value&gt;&amp;lt;asp:dropdownlist id="LanguageSelector" runat="server" cssclass="Filter_Input" AutoPostBack="true"&amp;gt;&amp;lt;/asp:dropdownlist&amp;gt;&lt;/Value&gt;
        &lt;CellAttributes&gt;
          &lt;Attribute&gt;
            &lt;Name&gt;class&lt;/Name&gt;
            &lt;AttributeValue&gt;signInBar&lt;/AttributeValue&gt;
          &lt;/Attribute&gt;
        &lt;/CellAttributes&gt;
      &lt;/Cell&gt;
      &lt;Cell&gt;
        &lt;Value&gt;&amp;lt;GEN:Image NAME="Divider1" /&amp;gt;&lt;/Value&gt;
        &lt;CellAttributes&gt;
          &lt;Attribute&gt;
            &lt;Name&gt;class&lt;/Name&gt;
            &lt;AttributeValue&gt;signInBar&lt;/AttributeValue&gt;
          &lt;/Attribute&gt;
        &lt;/CellAttributes&gt;
      &lt;/Cell&gt;
      &lt;Cell&gt;
        &lt;Value&gt;&amp;lt;asp:dropdownlist id="ThemeSelector" runat="server" cssclass="Filter_Input" AutoPostBack="true"&amp;gt;&amp;lt;/asp:dropdownlist&amp;gt;&lt;/Value&gt;
        &lt;CellAttributes&gt;
          &lt;Attribute&gt;
            &lt;Name&gt;class&lt;/Name&gt;
            &lt;AttributeValue&gt;signInBar&lt;/AttributeValue&gt;
          &lt;/Attribute&gt;
        &lt;/CellAttributes&gt;
      &lt;/Cell&gt;
      &lt;Cell&gt;
        &lt;Value&gt;&amp;lt;GEN:Image NAME="Divider0" /&amp;gt;&lt;/Value&gt;
        &lt;CellAttributes&gt;
          &lt;Attribute&gt;
            &lt;Name&gt;class&lt;/Name&gt;
            &lt;AttributeValue&gt;signInBar&lt;/AttributeValue&gt;
          &lt;/Attribute&gt;
        &lt;/CellAttributes&gt;
      &lt;/Cell&gt;
      &lt;Cell&gt;
        &lt;Value&gt;&amp;lt;GEN:LinkButton NAME="SignIn"/&amp;gt;&lt;/Value&gt;
        &lt;CellAttributes&gt;
          &lt;Attribute&gt;
            &lt;Name&gt;class&lt;/Name&gt;
            &lt;AttributeValue&gt;signInBar&lt;/AttributeValue&gt;
          &lt;/Attribute&gt;
        &lt;/CellAttributes&gt;
      &lt;/Cell&gt;
      &lt;Cell&gt;
        &lt;Value&gt;&amp;lt;GEN:ImageButton NAME="SIOImage"/&amp;gt;&lt;/Value&gt;
        &lt;CellAttributes&gt;
          &lt;Attribute&gt;
            &lt;Name&gt;class&lt;/Name&gt;
            &lt;AttributeValue&gt;signInBar&lt;/AttributeValue&gt;
          &lt;/Attribute&gt;
        &lt;/CellAttributes&gt;
      &lt;/Cell&gt;
      &lt;Cell&gt;
        &lt;Value&gt;&amp;lt;GEN:Image NAME="Divider2"/&amp;gt;&lt;/Value&gt;
        &lt;CellAttributes&gt;
          &lt;Attribute&gt;
            &lt;Name&gt;class&lt;/Name&gt;
            &lt;AttributeValue&gt;signInBar&lt;/AttributeValue&gt;
          &lt;/Attribute&gt;
        &lt;/CellAttributes&gt;
      &lt;/Cell&gt;
      &lt;Cell&gt;
        &lt;Value&gt;&amp;lt;a href="javascript:printPage();"/&amp;gt;&amp;lt;GEN:Image NAME="SignInBarPrintButton"/&amp;gt;&lt;/Value&gt;
        &lt;CellAttributes&gt;
          &lt;Attribute&gt;
            &lt;Name&gt;class&lt;/Name&gt;
            &lt;AttributeValue&gt;signInBar&lt;/AttributeValue&gt;
          &lt;/Attribute&gt;
        &lt;/CellAttributes&gt;
      &lt;/Cell&gt;
      &lt;Cell&gt;
        &lt;Value&gt;&amp;lt;GEN:Image NAME="RightImage"/&amp;gt;&lt;/Value&gt;
        &lt;CellAttributes /&gt;
      &lt;/Cell&gt;
      &lt;RowAttributes /&gt;
    &lt;/Row&gt;
    &lt;Row&gt;
      &lt;Cell&gt;
        &lt;CellAttributes /&gt;
      &lt;/Cell&gt;
      &lt;Cell&gt;
        &lt;CellAttributes /&gt;
      &lt;/Cell&gt;
      &lt;Cell&gt;
        &lt;Value&gt;&amp;lt;GEN:Label NAME="UserStatusLbl" /&amp;gt;&lt;/Value&gt;
        &lt;CellAttributes&gt;
          &lt;Attribute&gt;
            &lt;Name&gt;class&lt;/Name&gt;
            &lt;AttributeValue&gt;signInBarStatus&lt;/AttributeValue&gt;
          &lt;/Attribute&gt;
          &lt;Attribute&gt;
            &lt;Name&gt;colspan&lt;/Name&gt;
            &lt;AttributeValue&gt;8&lt;/AttributeValue&gt;
          &lt;/Attribute&gt;
        &lt;/CellAttributes&gt;
      &lt;/Cell&gt;
      &lt;RowAttributes /&gt;
    &lt;/Row&gt;
    &lt;Epilog /&gt;
    &lt;TableAttributes&gt;
      &lt;Attribute&gt;
        &lt;Name&gt;cellpadding&lt;/Name&gt;
        &lt;AttributeValue&gt;0&lt;/AttributeValue&gt;
      &lt;/Attribute&gt;
      &lt;Attribute&gt;
        &lt;Name&gt;cellspacing&lt;/Name&gt;
        &lt;AttributeValue&gt;0&lt;/AttributeValue&gt;
      &lt;/Attribute&gt;
      &lt;Attribute&gt;
        &lt;Name&gt;border&lt;/Name&gt;
        &lt;AttributeValue&gt;0&lt;/AttributeValue&gt;
      &lt;/Attribute&gt;
    &lt;/TableAttributes&gt;
  &lt;/Layout&gt;
&lt;/LayoutDefinition&gt;]]&gt;</LayoutDefinition>
</ComponentDefinition>