﻿<?xml version="1.0" encoding="UTF-8" standalone="no"?>
<ComponentDefinition xmlns:xsi="http://www.w3.org/2001/XMLSchema-instance" xmlns:xsd="http://www.w3.org/2001/XMLSchema" xmlns="http://www.ironspeed.com/designer">
  <Generator>Iron Speed Designer</Generator>
  <Version>9.0.1</Version>
  <Self>
    <Name>HeaderMobile</Name>
    <Type>Header</Type>
    <SubType>DotNet</SubType>
    <GenerateDirectory>Header and Footer</GenerateDirectory>
    <Layout>Header and Footer\HeaderMobile.html</Layout>
    <DisplayName>Header</DisplayName>
    <Description>(Description)</Description>
    <DeviceSize>Small</DeviceSize>
  </Self>
  <ComposedOf>
    <ContainedComponent>
      <Name>LanguageSelector</Name>
      <Type>Aspx</Type>
      <PassthroughAttributes>
        <Attribute>
          <Name>CommandName</Name>
          <Value>LanguageSelector</Value>
        </Attribute>
      </PassthroughAttributes>
      <ControlClass>System.Web.UI.WebControls.DropDownList</ControlClass>
    </ContainedComponent>
    <ContainedComponent>
      <Name>Logo</Name>
      <Type>Image</Type>
      <PassthroughAttributes>
        <Attribute>
          <Name>alt</Name>
          <Value>Txt:PageHeader</Value>
          <Type>ResourceReference</Type>
        </Attribute>
        <Attribute>
          <Name>ImageURL</Name>
          <Value>../Images/MobileLogo.png</Value>
        </Attribute>
        <Attribute>
          <Name>style</Name>
          <Value>border-width:0px;</Value>
        </Attribute>
      </PassthroughAttributes>
    </ContainedComponent>
    <ContainedComponent>
      <Name>SignIn</Name>
      <Type>Button</Type>
      <Layout>..\Shared\ThemeButtonMobile.ascx</Layout>
      <PassthroughAttributes>
        <Attribute>
          <Name>Button-CausesValidation</Name>
          <Value>False</Value>
        </Attribute>
        <Attribute>
          <Name>Button-CommandName</Name>
          <Value>ShowSignIn</Value>
        </Attribute>
        <Attribute>
          <Name>Button-Text</Name>
          <Value />
        </Attribute>
        <Attribute>
          <Name>Button-ToolTip</Name>
          <Value />
        </Attribute>
      </PassthroughAttributes>
    </ContainedComponent>
    <ContainedComponent>
      <Name>ThemeSelector</Name>
      <Type>Aspx</Type>
      <PassthroughAttributes>
        <Attribute>
          <Name>CommandName</Name>
          <Value>ThemeSelector</Value>
        </Attribute>
      </PassthroughAttributes>
      <ControlClass>System.Web.UI.WebControls.DropDownList</ControlClass>
    </ContainedComponent>
    <ContainedComponent>
      <Name>UserStatusLbl</Name>
      <Type>Label</Type>
      <PassthroughAttributes>
        <Attribute>
          <Name>CommandName</Name>
          <Value>ShowUserStatusLbl</Value>
        </Attribute>
        <Attribute>
          <Name>CssClass</Name>
          <Value>mobileSignInStatus</Value>
        </Attribute>
      </PassthroughAttributes>
    </ContainedComponent>
  </ComposedOf>
  <LayoutDefinition>&lt;![CDATA[&lt;?xml version="1.0" encoding="utf-16"?&gt;
&lt;LayoutDefinition xmlns:xsi="http://www.w3.org/2001/XMLSchema-instance" xmlns:xsd="http://www.w3.org/2001/XMLSchema"&gt;
  &lt;Layout Name="Header" Type="RootLayout"&gt;
    &lt;Prolog /&gt;
    &lt;Row&gt;
      &lt;Cell&gt;
        &lt;Value&gt;
    &amp;lt;GEN:PANEL NAME="SecurityPanelTitleAndButtons"/&amp;gt;
    &lt;/Value&gt;
      &lt;/Cell&gt;
    &lt;/Row&gt;
    &lt;Row&gt;
      &lt;Cell&gt;
        &lt;Value&gt;
    &amp;lt;asp:panel id="SettingsCollapsibleRegionMobile" style="display: none; overflow: hidden; height: 0px; margin: 0px;" runat="server"&amp;gt;
    &amp;lt;GEN:PANEL NAME="HeaderSecurity"/&amp;gt;
    &amp;lt;/asp:panel&amp;gt;
    &lt;/Value&gt;
      &lt;/Cell&gt;
    &lt;/Row&gt;
    &lt;Epilog /&gt;
    &lt;TableAttributes&gt;
      &lt;Attribute&gt;
        &lt;Name&gt;cellpadding&lt;/Name&gt;
        &lt;AttributeValue&gt;0&lt;/AttributeValue&gt;
      &lt;/Attribute&gt;
      &lt;Attribute&gt;
        &lt;Name&gt;cellspacing&lt;/Name&gt;
        &lt;AttributeValue&gt;0&lt;/AttributeValue&gt;
      &lt;/Attribute&gt;
      &lt;Attribute&gt;
        &lt;Name&gt;border&lt;/Name&gt;
        &lt;AttributeValue&gt;0&lt;/AttributeValue&gt;
      &lt;/Attribute&gt;
      &lt;Attribute&gt;
        &lt;Name&gt;width&lt;/Name&gt;
        &lt;AttributeValue&gt;100%&lt;/AttributeValue&gt;
      &lt;/Attribute&gt;
    &lt;/TableAttributes&gt;
  &lt;/Layout&gt;
  &lt;Layout Name="SecurityPanelTitleAndButtons"&gt;
    &lt;Row&gt;
      &lt;Cell&gt;
        &lt;Value&gt;&amp;lt;GEN:PANEL NAME="PageHeaderButtons"/&amp;gt;&lt;/Value&gt;
      &lt;/Cell&gt;
    &lt;/Row&gt;
    &lt;Row&gt;
      &lt;Cell&gt;
        &lt;Value&gt;&amp;lt;GEN:Label NAME="UserStatusLbl"/&amp;gt;&lt;/Value&gt;
        &lt;CellAttributes&gt;
          &lt;Attribute&gt;
            &lt;Name&gt;class&lt;/Name&gt;
            &lt;AttributeValue&gt;mobileBodyText&lt;/AttributeValue&gt;
          &lt;/Attribute&gt;
        &lt;/CellAttributes&gt;
      &lt;/Cell&gt;
    &lt;/Row&gt;
    &lt;TableAttributes&gt;
      &lt;Attribute&gt;
        &lt;Name&gt;cellpadding&lt;/Name&gt;
        &lt;AttributeValue&gt;0&lt;/AttributeValue&gt;
      &lt;/Attribute&gt;
      &lt;Attribute&gt;
        &lt;Name&gt;cellspacing&lt;/Name&gt;
        &lt;AttributeValue&gt;0&lt;/AttributeValue&gt;
      &lt;/Attribute&gt;
      &lt;Attribute&gt;
        &lt;Name&gt;border&lt;/Name&gt;
        &lt;AttributeValue&gt;0&lt;/AttributeValue&gt;
      &lt;/Attribute&gt;
      &lt;Attribute&gt;
        &lt;Name&gt;width&lt;/Name&gt;
        &lt;AttributeValue&gt;100%&lt;/AttributeValue&gt;
      &lt;/Attribute&gt;
      &lt;Attribute&gt;
        &lt;Name&gt;class&lt;/Name&gt;
        &lt;AttributeValue&gt;mobileHeader&lt;/AttributeValue&gt;
      &lt;/Attribute&gt;
    &lt;/TableAttributes&gt;
  &lt;/Layout&gt;
  &lt;Layout Name="PageHeaderButtons"&gt;
    &lt;Row&gt;
      &lt;Cell&gt;
        &lt;Value&gt;&amp;lt;GEN:IMAGE NAME="Logo"/&amp;gt;&lt;/Value&gt;
        &lt;CellAttributes&gt;
          &lt;Attribute&gt;
            &lt;Name&gt;class&lt;/Name&gt;
            &lt;AttributeValue&gt;mobileHeaderLeft&lt;/AttributeValue&gt;
          &lt;/Attribute&gt;
        &lt;/CellAttributes&gt;
      &lt;/Cell&gt;
      &lt;Cell&gt;
        &lt;CellAttributes&gt;
          &lt;Attribute&gt;
            &lt;Name&gt;class&lt;/Name&gt;
            &lt;AttributeValue&gt;mobileHeaderTitle&lt;/AttributeValue&gt;
          &lt;/Attribute&gt;
          &lt;Attribute&gt;
            &lt;Name&gt;style&lt;/Name&gt;
            &lt;AttributeValue&gt;width: 64%&lt;/AttributeValue&gt;
          &lt;/Attribute&gt;
        &lt;/CellAttributes&gt;
      &lt;/Cell&gt;
      &lt;Cell&gt;
        &lt;Value&gt;

    &amp;lt;asp:CollapsiblePanelExtender id="SettingsPanelExtenderMobile" runat="server" TargetControlid="SettingsCollapsibleRegionMobile" ExpandControlID="SettingsIconMobile" CollapseControlID="SettingsIconMobile" ImageControlID="SettingsIconMobile" ExpandedImage="../images/MobileButtonSettingsCollapse.png" CollapsedImage="../images/MobileButtonSettingsExpand.png" Collapsed="true" SuppressPostBack="true"/&amp;gt;
    &amp;lt;asp:ImageButton id="SettingsIconMobile" runat="server" ToolTip="&amp;lt;%# GetResourceValue(&amp;amp;quot;Btn:ExpandCollapse&amp;amp;quot;) %&amp;gt;" causesvalidation="False" imageurl="../images/MobileButtonSettingsExpand.png" /&amp;gt;
&lt;/Value&gt;
        &lt;CellAttributes&gt;
          &lt;Attribute&gt;
            &lt;Name&gt;class&lt;/Name&gt;
            &lt;AttributeValue&gt;mobileHeaderOptions&lt;/AttributeValue&gt;
          &lt;/Attribute&gt;
        &lt;/CellAttributes&gt;
      &lt;/Cell&gt;
      &lt;Cell&gt;
        &lt;Value&gt;&amp;lt;GEN:Button NAME="SignIn"/&amp;gt;


&lt;/Value&gt;
        &lt;CellAttributes&gt;
          &lt;Attribute&gt;
            &lt;Name&gt;class&lt;/Name&gt;
            &lt;AttributeValue&gt;mobileHeaderRight&lt;/AttributeValue&gt;
          &lt;/Attribute&gt;
        &lt;/CellAttributes&gt;
      &lt;/Cell&gt;
    &lt;/Row&gt;
    &lt;TableAttributes&gt;
      &lt;Attribute&gt;
        &lt;Name&gt;style&lt;/Name&gt;
        &lt;AttributeValue&gt;width: 100%&lt;/AttributeValue&gt;
      &lt;/Attribute&gt;
    &lt;/TableAttributes&gt;
  &lt;/Layout&gt;
  &lt;Layout Name="HeaderSecurity"&gt;
    &lt;Row&gt;
      &lt;Cell&gt;
        &lt;Value&gt;&amp;lt;asp:dropdownlist id="LanguageSelector" runat="server" cssclass="mobileFilterInput" AutoPostBack="true"&amp;gt;&amp;lt;/asp:dropdownlist&amp;gt;&lt;/Value&gt;
        &lt;CellAttributes&gt;
          &lt;Attribute&gt;
            &lt;Name&gt;class&lt;/Name&gt;
            &lt;AttributeValue&gt;mobileFieldValueOnBottom&lt;/AttributeValue&gt;
          &lt;/Attribute&gt;
        &lt;/CellAttributes&gt;
      &lt;/Cell&gt;
    &lt;/Row&gt;
    &lt;Row&gt;
      &lt;Cell&gt;
        &lt;Value&gt;&amp;lt;asp:dropdownlist id="ThemeSelector" runat="server" cssclass="mobileFilterInput" AutoPostBack="true"&amp;gt;&amp;lt;/asp:dropdownlist&amp;gt;&lt;/Value&gt;
        &lt;CellAttributes&gt;
          &lt;Attribute&gt;
            &lt;Name&gt;class&lt;/Name&gt;
            &lt;AttributeValue&gt;mobileFieldValueOnBottom&lt;/AttributeValue&gt;
          &lt;/Attribute&gt;
        &lt;/CellAttributes&gt;
      &lt;/Cell&gt;
    &lt;/Row&gt;
    &lt;TableAttributes&gt;
      &lt;Attribute&gt;
        &lt;Name&gt;cellpadding&lt;/Name&gt;
        &lt;AttributeValue&gt;0&lt;/AttributeValue&gt;
      &lt;/Attribute&gt;
      &lt;Attribute&gt;
        &lt;Name&gt;cellspacing&lt;/Name&gt;
        &lt;AttributeValue&gt;0&lt;/AttributeValue&gt;
      &lt;/Attribute&gt;
      &lt;Attribute&gt;
        &lt;Name&gt;border&lt;/Name&gt;
        &lt;AttributeValue&gt;0&lt;/AttributeValue&gt;
      &lt;/Attribute&gt;
      &lt;Attribute&gt;
        &lt;Name&gt;width&lt;/Name&gt;
        &lt;AttributeValue&gt;100%&lt;/AttributeValue&gt;
      &lt;/Attribute&gt;
    &lt;/TableAttributes&gt;
  &lt;/Layout&gt;
&lt;/LayoutDefinition&gt;]]&gt;</LayoutDefinition>
</ComponentDefinition>