﻿<?xml version="1.0" encoding="UTF-8" standalone="no"?>
<ComponentDefinition xmlns:xsi="http://www.w3.org/2001/XMLSchema-instance" xmlns:xsd="http://www.w3.org/2001/XMLSchema" xmlns="http://www.ironspeed.com/designer">
  <Generator>Iron Speed Designer</Generator>
  <Version>9.0.1</Version>
  <Self>
    <Name>ForgotUserMobile</Name>
    <Type>Page</Type>
    <SubType>DotNet</SubType>
    <MasterLayout>../Master Pages/Mobile.master</MasterLayout>
    <GenerateDirectory>Security</GenerateDirectory>
    <Layout>Security\ForgotUserMobile.xml</Layout>
    <DisplayName>ForgotUserMobile</DisplayName>
    <Description>This is a blank page.</Description>
    <CheckSum>1629257623-1142</CheckSum>
    <DeviceSize>Small</DeviceSize>
  </Self>
  <ComposedOf>
    <ContainedComponent>
      <Name>DialogTitle</Name>
      <Type>Html</Type>
      <PassthroughAttributes>
        <Attribute>
          <Name>HtmlEncodeWhiteSpace</Name>
          <Value>True</Value>
        </Attribute>
        <Attribute>
          <Name>Text</Name>
          <Value>&lt;%#String.Concat("&lt;span class='mobileFontAdjust70'&gt;", GetResourceValue("Title:ForgotUser"), "&lt;/span&gt;") %&gt;</Value>
        </Attribute>
      </PassthroughAttributes>
    </ContainedComponent>
    <ContainedComponent>
      <Name>Emailaddress</Name>
      <Type>TextBox</Type>
      <PassthroughAttributes>
        <Attribute>
          <Name>Columns</Name>
          <Value>20</Value>
        </Attribute>
        <Attribute>
          <Name>CssClass</Name>
          <Value>mobileFieldInput</Value>
        </Attribute>
        <Attribute>
          <Name>EmailaddressRequiredFieldValidator:Display</Name>
          <Value>None</Value>
        </Attribute>
        <Attribute>
          <Name>EmailaddressRequiredFieldValidator:Enabled</Name>
          <Value>True</Value>
        </Attribute>
      </PassthroughAttributes>
    </ContainedComponent>
    <ContainedComponent>
      <Name>EnterEmailLabel</Name>
      <Type>Label</Type>
      <PassthroughAttributes>
        <Attribute>
          <Name>Text</Name>
          <Value>Txt:EnterEmail</Value>
          <Type>ResourceReference</Type>
        </Attribute>
      </PassthroughAttributes>
    </ContainedComponent>
    <ContainedComponent>
      <Name>FillRecaptchaLabel</Name>
      <Type>Label</Type>
      <PassthroughAttributes>
        <Attribute>
          <Name>Text</Name>
          <Value>Txt:EnterCaptcha</Value>
          <Type>ResourceReference</Type>
        </Attribute>
      </PassthroughAttributes>
    </ContainedComponent>
    <ContainedComponent>
      <Name>ForgotUserErrorLabel</Name>
      <Type>Label</Type>
      <PassthroughAttributes>
        <Attribute>
          <Name>Visible</Name>
          <Value>False</Value>
        </Attribute>
      </PassthroughAttributes>
    </ContainedComponent>
    <ContainedComponent>
      <Name>ForgotUserInfoLabel</Name>
      <Type>Label</Type>
      <PassthroughAttributes>
        <Attribute>
          <Name>Text</Name>
          <Value>Txt:UserEmailed</Value>
          <Type>ResourceReference</Type>
        </Attribute>
      </PassthroughAttributes>
    </ContainedComponent>
    <ContainedComponent>
      <Name>MenuButton</Name>
      <Type>Button</Type>
      <Layout>..\Shared\ThemeButtonMobile.ascx</Layout>
      <PassthroughAttributes>
        <Attribute>
          <Name>Button-CausesValidation</Name>
          <Value>False</Value>
        </Attribute>
        <Attribute>
          <Name>Button-CommandName</Name>
          <Value>Redirect</Value>
        </Attribute>
        <Attribute>
          <Name>Button-Consumers</Name>
          <Value>page</Value>
        </Attribute>
        <Attribute>
          <Name>Button-RedirectURL</Name>
          <Value>../Menu Panels/StartMobile.aspx</Value>
        </Attribute>
        <Attribute>
          <Name>Button-Text</Name>
          <Value>Btn:Menu</Value>
          <Type>ResourceReference</Type>
        </Attribute>
        <Attribute>
          <Name>Button-ToolTip</Name>
          <Value>Btn:Menu</Value>
          <Type>ResourceReference</Type>
        </Attribute>
        <Attribute>
          <Name>PostBack</Name>
          <Value>False</Value>
        </Attribute>
      </PassthroughAttributes>
    </ContainedComponent>
    <ContainedComponent>
      <Name>PageTitle</Name>
      <Type>Literal</Type>
      <PassthroughAttributes>
        <Attribute>
          <Name>Text</Name>
          <Value>{Title:ForgotUser}</Value>
        </Attribute>
      </PassthroughAttributes>
    </ContainedComponent>
    <ContainedComponent>
      <Name>recaptcha</Name>
      <Type>Aspx</Type>
      <ControlClass>Recaptcha.RecaptchaControl</ControlClass>
    </ContainedComponent>
    <ContainedComponent>
      <Name>recaptcha_response_holder</Name>
      <Type>Aspx</Type>
      <ControlClass>System.Web.UI.WebControls.Panel</ControlClass>
    </ContainedComponent>
    <ContainedComponent>
      <Name>SendButton</Name>
      <Type>Button</Type>
      <Layout>..\Shared\ThemeButtonMobile.html</Layout>
      <PassthroughAttributes>
        <Attribute>
          <Name>Button-CausesValidation</Name>
          <Value>True</Value>
        </Attribute>
        <Attribute>
          <Name>Button-CommandName</Name>
          <Value>ResetData</Value>
        </Attribute>
        <Attribute>
          <Name>Button-Consumers</Name>
          <Value>page</Value>
        </Attribute>
        <Attribute>
          <Name>Button-Text</Name>
          <Value>Btn:Send</Value>
          <Type>ResourceReference</Type>
        </Attribute>
        <Attribute>
          <Name>Button-ToolTip</Name>
          <Value>Btn:Send</Value>
          <Type>ResourceReference</Type>
        </Attribute>
        <Attribute>
          <Name>CommandName</Name>
          <Value>EmailLinkButton_Command</Value>
        </Attribute>
      </PassthroughAttributes>
    </ContainedComponent>
    <ContainedComponent>
      <Name>UpdatePanel1</Name>
      <Type>UpdatePanel</Type>
      <PassthroughAttributes>
        <Attribute>
          <Name>SmoothPanelUpdate</Name>
          <Value>True</Value>
        </Attribute>
      </PassthroughAttributes>
    </ContainedComponent>
  </ComposedOf>
  <LayoutDefinition>&lt;![CDATA[&lt;?xml version="1.0" encoding="utf-16"?&gt;
&lt;LayoutDefinition xmlns:xsi="http://www.w3.org/2001/XMLSchema-instance" xmlns:xsd="http://www.w3.org/2001/XMLSchema"&gt;
  &lt;Layout Name="Page" Type="RootLayout"&gt;
    &lt;Prolog&gt;
      &lt;Value&gt;&amp;lt;%@ Register TagPrefix="asp" Namespace="Recaptcha" Assembly="Recaptcha" %&amp;gt;
&amp;lt;asp:Content id="PageSection" ContentPlaceHolderID="PageContent" Runat="server"&amp;gt;
    &amp;lt;a id="StartOfPageContent"&amp;gt;&amp;lt;/a&amp;gt;
    &amp;lt;GEN:UPDATEPANEL NAME="UpdatePanel1"&amp;gt;&lt;/Value&gt;
    &lt;/Prolog&gt;
    &lt;Row&gt;
      &lt;Cell&gt;
        &lt;Value&gt;&amp;lt;GEN:PANEL NAME="ForgotUserPanelTitleAndButtons"/&amp;gt;&lt;/Value&gt;
        &lt;CellAttributes /&gt;
      &lt;/Cell&gt;
      &lt;RowAttributes /&gt;
    &lt;/Row&gt;
    &lt;Row&gt;
      &lt;Cell&gt;
        &lt;Value&gt;&amp;lt;%= SystemUtils.GenerateEnterKeyCaptureBeginTag(FindControlRecursively("SendButton")) %&amp;gt;&amp;lt;GEN:PANEL NAME="ForgotUserPanelControl"/&amp;gt;&amp;lt;%= SystemUtils.GenerateEnterKeyCaptureEndTag(FindControlRecursively("SendButton")) %&amp;gt;&lt;/Value&gt;
        &lt;CellAttributes /&gt;
      &lt;/Cell&gt;
      &lt;RowAttributes /&gt;
    &lt;/Row&gt;
    &lt;Epilog&gt;
      &lt;Value&gt;&amp;lt;div id="detailPopup" class="detailRolloverPopup" onmouseout="detailRolloverPopupClose();" onmouseover="clearTimeout(gPopupTimer);"&amp;gt;&amp;lt;/div&amp;gt;          
        &amp;lt;asp:ValidationSummary id="ValidationSummary1" ShowMessageBox="true" ShowSummary="false" runat="server"&amp;gt;&amp;lt;/asp:ValidationSummary&amp;gt;
    &amp;lt;/asp:Content&amp;gt;
          &lt;/Value&gt;
    &lt;/Epilog&gt;
    &lt;TableAttributes&gt;
      &lt;Attribute&gt;
        &lt;Name&gt;cellpadding&lt;/Name&gt;
        &lt;AttributeValue&gt;0&lt;/AttributeValue&gt;
      &lt;/Attribute&gt;
      &lt;Attribute&gt;
        &lt;Name&gt;cellspacing&lt;/Name&gt;
        &lt;AttributeValue&gt;0&lt;/AttributeValue&gt;
      &lt;/Attribute&gt;
      &lt;Attribute&gt;
        &lt;Name&gt;border&lt;/Name&gt;
        &lt;AttributeValue&gt;0&lt;/AttributeValue&gt;
      &lt;/Attribute&gt;
      &lt;Attribute&gt;
        &lt;Name&gt;width&lt;/Name&gt;
        &lt;AttributeValue&gt;100%&lt;/AttributeValue&gt;
      &lt;/Attribute&gt;
    &lt;/TableAttributes&gt;
  &lt;/Layout&gt;
  &lt;Layout Name="ForgotUserPanelTitleAndButtons"&gt;
    &lt;Prolog /&gt;
    &lt;Row&gt;
      &lt;Cell&gt;
        &lt;Value&gt;&amp;lt;GEN:BUTTON NAME="MenuButton"/&amp;gt;&lt;/Value&gt;
        &lt;CellAttributes&gt;
          &lt;Attribute&gt;
            &lt;Name&gt;class&lt;/Name&gt;
            &lt;AttributeValue&gt;mobileHeaderLeft&lt;/AttributeValue&gt;
          &lt;/Attribute&gt;
        &lt;/CellAttributes&gt;
      &lt;/Cell&gt;
      &lt;Cell&gt;
        &lt;Value&gt;&amp;lt;GEN:HTML NAME="DialogTitle"/&amp;gt;&lt;/Value&gt;
        &lt;CellAttributes&gt;
          &lt;Attribute&gt;
            &lt;Name&gt;class&lt;/Name&gt;
            &lt;AttributeValue&gt;mobileHeaderTitle&lt;/AttributeValue&gt;
          &lt;/Attribute&gt;
        &lt;/CellAttributes&gt;
      &lt;/Cell&gt;
      &lt;Cell&gt;
        &lt;Value&gt;&amp;lt;GEN:BUTTON NAME="SendButton"/&amp;gt;&lt;/Value&gt;
        &lt;CellAttributes&gt;
          &lt;Attribute&gt;
            &lt;Name&gt;class&lt;/Name&gt;
            &lt;AttributeValue&gt;mobileHeaderRight&lt;/AttributeValue&gt;
          &lt;/Attribute&gt;
        &lt;/CellAttributes&gt;
      &lt;/Cell&gt;
      &lt;RowAttributes /&gt;
    &lt;/Row&gt;
    &lt;Epilog /&gt;
    &lt;TableAttributes&gt;
      &lt;Attribute&gt;
        &lt;Name&gt;class&lt;/Name&gt;
        &lt;AttributeValue&gt;mobileHeader&lt;/AttributeValue&gt;
      &lt;/Attribute&gt;
      &lt;Attribute&gt;
        &lt;Name&gt;cellpadding&lt;/Name&gt;
        &lt;AttributeValue&gt;0&lt;/AttributeValue&gt;
      &lt;/Attribute&gt;
      &lt;Attribute&gt;
        &lt;Name&gt;cellspacing&lt;/Name&gt;
        &lt;AttributeValue&gt;0&lt;/AttributeValue&gt;
      &lt;/Attribute&gt;
      &lt;Attribute&gt;
        &lt;Name&gt;border&lt;/Name&gt;
        &lt;AttributeValue&gt;0&lt;/AttributeValue&gt;
      &lt;/Attribute&gt;
      &lt;Attribute&gt;
        &lt;Name&gt;width&lt;/Name&gt;
        &lt;AttributeValue&gt;100%&lt;/AttributeValue&gt;
      &lt;/Attribute&gt;
    &lt;/TableAttributes&gt;
  &lt;/Layout&gt;
  &lt;Layout Name="ForgotUserPanelControl"&gt;
    &lt;Prolog&gt;
      &lt;Value&gt;&amp;lt;asp:panel id="ForgotUserCollapsibleRegion" runat="server"&amp;gt;&lt;/Value&gt;
    &lt;/Prolog&gt;
    &lt;Row&gt;
      &lt;Cell&gt;
        &lt;Value&gt;&amp;lt;GEN:PANEL NAME="ForgotUserControl"/&amp;gt;&lt;/Value&gt;
        &lt;CellAttributes&gt;
          &lt;Attribute&gt;
            &lt;Name&gt;class&lt;/Name&gt;
            &lt;AttributeValue&gt;mobileBody&lt;/AttributeValue&gt;
          &lt;/Attribute&gt;
        &lt;/CellAttributes&gt;
      &lt;/Cell&gt;
      &lt;RowAttributes /&gt;
    &lt;/Row&gt;
    &lt;Epilog&gt;
      &lt;Value&gt;&amp;lt;/asp:panel&amp;gt;&lt;/Value&gt;
    &lt;/Epilog&gt;
    &lt;TableAttributes&gt;
      &lt;Attribute&gt;
        &lt;Name&gt;cellpadding&lt;/Name&gt;
        &lt;AttributeValue&gt;0&lt;/AttributeValue&gt;
      &lt;/Attribute&gt;
      &lt;Attribute&gt;
        &lt;Name&gt;cellspacing&lt;/Name&gt;
        &lt;AttributeValue&gt;0&lt;/AttributeValue&gt;
      &lt;/Attribute&gt;
      &lt;Attribute&gt;
        &lt;Name&gt;border&lt;/Name&gt;
        &lt;AttributeValue&gt;0&lt;/AttributeValue&gt;
      &lt;/Attribute&gt;
      &lt;Attribute&gt;
        &lt;Name&gt;width&lt;/Name&gt;
        &lt;AttributeValue&gt;100%&lt;/AttributeValue&gt;
      &lt;/Attribute&gt;
    &lt;/TableAttributes&gt;
  &lt;/Layout&gt;
  &lt;Layout Name="ForgotUserControl"&gt;
    &lt;Prolog /&gt;
    &lt;Row&gt;
      &lt;Cell&gt;
        &lt;CellAttributes&gt;
          &lt;Attribute&gt;
            &lt;Name&gt;style&lt;/Name&gt;
            &lt;AttributeValue&gt;height: 5px;&lt;/AttributeValue&gt;
          &lt;/Attribute&gt;
          &lt;Attribute&gt;
            &lt;Name&gt;class&lt;/Name&gt;
            &lt;AttributeValue&gt;mobileBodyText&lt;/AttributeValue&gt;
          &lt;/Attribute&gt;
        &lt;/CellAttributes&gt;
      &lt;/Cell&gt;
      &lt;RowAttributes /&gt;
    &lt;/Row&gt;
    &lt;Row&gt;
      &lt;Cell&gt;
        &lt;Value&gt;&amp;lt;b&amp;gt;&amp;lt;GEN:LABEL NAME="ForgotUserInfoLabel"/&amp;gt;&amp;lt;/b&amp;gt; 
&amp;lt;GEN:LABEL Name="ForgotUserErrorLabel" /&amp;gt;&lt;/Value&gt;
        &lt;CellAttributes&gt;
          &lt;Attribute&gt;
            &lt;Name&gt;class&lt;/Name&gt;
            &lt;AttributeValue&gt;mobileBodyText&lt;/AttributeValue&gt;
          &lt;/Attribute&gt;
        &lt;/CellAttributes&gt;
      &lt;/Cell&gt;
      &lt;RowAttributes /&gt;
    &lt;/Row&gt;
    &lt;Row&gt;
      &lt;Cell&gt;
        &lt;CellAttributes&gt;
          &lt;Attribute&gt;
            &lt;Name&gt;style&lt;/Name&gt;
            &lt;AttributeValue&gt;height: 5px;&lt;/AttributeValue&gt;
          &lt;/Attribute&gt;
          &lt;Attribute&gt;
            &lt;Name&gt;class&lt;/Name&gt;
            &lt;AttributeValue&gt;mobileBodyText&lt;/AttributeValue&gt;
          &lt;/Attribute&gt;
        &lt;/CellAttributes&gt;
      &lt;/Cell&gt;
      &lt;RowAttributes /&gt;
    &lt;/Row&gt;
    &lt;Row&gt;
      &lt;Cell&gt;
        &lt;Value&gt;&amp;lt;GEN:LABEL NAME="EnterEmailLabel"/&amp;gt;&lt;/Value&gt;
        &lt;CellAttributes&gt;
          &lt;Attribute&gt;
            &lt;Name&gt;class&lt;/Name&gt;
            &lt;AttributeValue&gt;mobileFieldLabelOnTop&lt;/AttributeValue&gt;
          &lt;/Attribute&gt;
        &lt;/CellAttributes&gt;
      &lt;/Cell&gt;
      &lt;RowAttributes /&gt;
    &lt;/Row&gt;
    &lt;Row&gt;
      &lt;Cell&gt;
        &lt;Value&gt;&amp;lt;GEN:TEXTBOX NAME="Emailaddress" /&amp;gt;&lt;/Value&gt;
        &lt;CellAttributes&gt;
          &lt;Attribute&gt;
            &lt;Name&gt;class&lt;/Name&gt;
            &lt;AttributeValue&gt;mobileFieldValueOnBottom&lt;/AttributeValue&gt;
          &lt;/Attribute&gt;
        &lt;/CellAttributes&gt;
      &lt;/Cell&gt;
      &lt;RowAttributes /&gt;
    &lt;/Row&gt;
    &lt;Row&gt;
      &lt;Cell&gt;
        &lt;CellAttributes&gt;
          &lt;Attribute&gt;
            &lt;Name&gt;style&lt;/Name&gt;
            &lt;AttributeValue&gt;height: 5px;&lt;/AttributeValue&gt;
          &lt;/Attribute&gt;
          &lt;Attribute&gt;
            &lt;Name&gt;class&lt;/Name&gt;
            &lt;AttributeValue&gt;mobileBodyText&lt;/AttributeValue&gt;
          &lt;/Attribute&gt;
        &lt;/CellAttributes&gt;
      &lt;/Cell&gt;
      &lt;RowAttributes /&gt;
    &lt;/Row&gt;
    &lt;Row&gt;
      &lt;Cell&gt;
        &lt;Value&gt;&amp;lt;GEN:LABEL NAME="FillRecaptchaLabel"/&amp;gt;&lt;/Value&gt;
        &lt;CellAttributes&gt;
          &lt;Attribute&gt;
            &lt;Name&gt;class&lt;/Name&gt;
            &lt;AttributeValue&gt;mobileFieldLabelOnTop&lt;/AttributeValue&gt;
          &lt;/Attribute&gt;
        &lt;/CellAttributes&gt;
      &lt;/Cell&gt;
      &lt;RowAttributes /&gt;
    &lt;/Row&gt;
    &lt;Row&gt;
      &lt;Cell&gt;
        &lt;Value&gt;&amp;lt;div id="recaptcha_widget" class="mobileRecaptchaContainer"&amp;gt; 
    &amp;lt;div id="recaptcha_image" class="mobileRecaptchaImage"&amp;gt;&amp;lt;/div&amp;gt; 
&amp;lt;/div&amp;gt;

&amp;lt;asp:panel id="recaptcha_response_holder" runat="server"&amp;gt;
&amp;lt;input id="recaptcha_response_field" name="recaptcha_response_field" type="text" columns="20" text="" class="mobileFieldInput" /&amp;gt;&amp;lt;br/&amp;gt;
&amp;lt;input type="image" align="absbottom" src="../Images/MobileButtonRefresh.png" onclick="Recaptcha.reload();return false;" /&amp;gt;
&amp;lt;/asp:panel&amp;gt;

&lt;/Value&gt;
        &lt;CellAttributes&gt;
          &lt;Attribute&gt;
            &lt;Name&gt;class&lt;/Name&gt;
            &lt;AttributeValue&gt;mobileFieldValueOnBottom&lt;/AttributeValue&gt;
          &lt;/Attribute&gt;
        &lt;/CellAttributes&gt;
      &lt;/Cell&gt;
      &lt;RowAttributes /&gt;
    &lt;/Row&gt;
    &lt;Row&gt;
      &lt;Cell&gt;
        &lt;Value&gt;&amp;lt;asp:RecaptchaControl ID="recaptcha" runat="server" theme="clean" PublicKey="Enter your key here" PrivateKey="Enter your key here" /&amp;gt;&lt;/Value&gt;
        &lt;CellAttributes&gt;
          &lt;Attribute&gt;
            &lt;Name&gt;class&lt;/Name&gt;
            &lt;AttributeValue&gt;mobileFieldValueOnBottom&lt;/AttributeValue&gt;
          &lt;/Attribute&gt;
          &lt;Attribute&gt;
            &lt;Name&gt;style&lt;/Name&gt;
            &lt;AttributeValue&gt;display: none;&lt;/AttributeValue&gt;
          &lt;/Attribute&gt;
        &lt;/CellAttributes&gt;
      &lt;/Cell&gt;
      &lt;RowAttributes /&gt;
    &lt;/Row&gt;
    &lt;Epilog /&gt;
    &lt;TableAttributes&gt;
      &lt;Attribute&gt;
        &lt;Name&gt;cellpadding&lt;/Name&gt;
        &lt;AttributeValue&gt;1&lt;/AttributeValue&gt;
      &lt;/Attribute&gt;
      &lt;Attribute&gt;
        &lt;Name&gt;cellspacing&lt;/Name&gt;
        &lt;AttributeValue&gt;1&lt;/AttributeValue&gt;
      &lt;/Attribute&gt;
      &lt;Attribute&gt;
        &lt;Name&gt;border&lt;/Name&gt;
        &lt;AttributeValue&gt;0&lt;/AttributeValue&gt;
      &lt;/Attribute&gt;
      &lt;Attribute&gt;
        &lt;Name&gt;width&lt;/Name&gt;
        &lt;AttributeValue&gt;100%&lt;/AttributeValue&gt;
      &lt;/Attribute&gt;
      &lt;Attribute&gt;
        &lt;Name&gt;class&lt;/Name&gt;
        &lt;AttributeValue&gt;mobileBody&lt;/AttributeValue&gt;
      &lt;/Attribute&gt;
    &lt;/TableAttributes&gt;
  &lt;/Layout&gt;
&lt;/LayoutDefinition&gt;]]&gt;</LayoutDefinition>
</ComponentDefinition>