﻿<?xml version="1.0" encoding="UTF-8" standalone="no"?>
<ComponentDefinition xmlns:xsi="http://www.w3.org/2001/XMLSchema-instance" xmlns:xsd="http://www.w3.org/2001/XMLSchema" xmlns="http://www.ironspeed.com/designer">
  <Generator>Iron Speed Designer</Generator>
  <Version>9.0.1</Version>
  <Self>
    <Name>SignOutMobile</Name>
    <Type>Page</Type>
    <MasterLayout>../Master Pages/Mobile.master</MasterLayout>
    <GenerateDirectory>Security</GenerateDirectory>
    <Layout>Security\SignOutMobile.html</Layout>
    <DisplayName>SignOutMobile</DisplayName>
    <Description />
    <DeviceSize>Small</DeviceSize>
    <CheckSum></CheckSum>
  </Self>
  <ComposedOf>
    <ContainedComponent>
      <Name>PageTitle</Name>
      <Type>Literal</Type>
      <PassthroughAttributes>
        <Attribute>
          <Name>Text</Name>
          <Value>{Title:SignOut}</Value>
        </Attribute>
      </PassthroughAttributes>
    </ContainedComponent>
    <ContainedComponent>
      <Name>DialogTitle</Name>
      <Type>Html</Type>
      <PassthroughAttributes>
        <Attribute>
          <Name>HtmlEncodeWhiteSpace</Name>
          <Value>True</Value>
        </Attribute>
        <Attribute>
          <Name>Text</Name>
          <Value>Txt:SignOut</Value>
          <Type>ResourceReference</Type>
        </Attribute>
      </PassthroughAttributes>
    </ContainedComponent>
    <ContainedComponent>
      <Name>ForgetSignInButton</Name>
      <Type>Button</Type>
      <Layout>..\Shared\ThemeButtonMobile.html</Layout>
      <PassthroughAttributes>
        <Attribute>
          <Name>Button-CausesValidation</Name>
          <Value>False</Value>
        </Attribute>
        <Attribute>
          <Name>Button-CommandName</Name>
          <Value>ForgetSignInInformation</Value>
        </Attribute>
        <Attribute>
          <Name>Button-Text</Name>
          <Value>Btn:ForgetSignInButton</Value>
          <Type>ResourceReference</Type>
        </Attribute>
        <Attribute>
          <Name>Button-ToolTip</Name>
          <Value>Btn:ForgetSignInButton</Value>
          <Type>ResourceReference</Type>
        </Attribute>
      </PassthroughAttributes>
    </ContainedComponent>
    <ContainedComponent>
      <Name>MenuButton</Name>
      <Type>Button</Type>
      <Layout>..\Shared\ThemeButtonMobile.ascx</Layout>
      <PassthroughAttributes>
        <Attribute>
          <Name>Button-CausesValidation</Name>
          <Value>False</Value>
        </Attribute>
        <Attribute>
          <Name>Button-CommandName</Name>
          <Value>Redirect</Value>
        </Attribute>
        <Attribute>
          <Name>Button-Consumers</Name>
          <Value>page</Value>
        </Attribute>
        <Attribute>
          <Name>Button-RedirectURL</Name>
          <Value>../Menu Panels/StartMobile.aspx</Value>
        </Attribute>
        <Attribute>
          <Name>Button-Text</Name>
          <Value>Btn:Menu</Value>
          <Type>ResourceReference</Type>
        </Attribute>
        <Attribute>
          <Name>Button-ToolTip</Name>
          <Value>Btn:Menu</Value>
          <Type>ResourceReference</Type>
        </Attribute>
        <Attribute>
          <Name>PostBack</Name>
          <Value>False</Value>
        </Attribute>
      </PassthroughAttributes>
    </ContainedComponent>
    <ContainedComponent>
      <Name>SignOutMessage</Name>
      <Type>Label</Type>
      <PassthroughAttributes>
        <Attribute>
          <Name>Text</Name>
          <Value>Txt:SuccessfullySignOut</Value>
          <Type>ResourceReference</Type>
        </Attribute>
      </PassthroughAttributes>
    </ContainedComponent>
  </ComposedOf>
  <LayoutDefinition>&lt;![CDATA[&lt;?xml version="1.0" encoding="utf-16"?&gt;
    &lt;LayoutDefinition xmlns:xsi="http://www.w3.org/2001/XMLSchema-instance" xmlns:xsd="http://www.w3.org/2001/XMLSchema"&gt;

      &lt;Layout Name="Page" Type="RootLayout"&gt;
        &lt;Prolog&gt;
          &lt;Value&gt;&amp;lt;asp:Content id="Content" ContentPlaceHolderID="PageContent" runat="server"&amp;gt;
    &amp;lt;a id="StartOfPageContent"&amp;gt;&amp;lt;/a&amp;gt;
          &lt;/Value&gt;
        &lt;/Prolog&gt;
          
        &lt;Row&gt;

          &lt;Cell&gt;
            &lt;Value&gt;&amp;lt;GEN:PANEL NAME="SignOutPanelTitleAndButtons"/&amp;gt;&lt;/Value&gt;
          &lt;/Cell&gt;
        &lt;/Row&gt;
    
        &lt;Row&gt;
          &lt;Cell&gt;
            &lt;Value&gt;&amp;lt;GEN:PANEL NAME="SignOutPanelControl"/&amp;gt;&lt;/Value&gt;
            &lt;CellAttributes&gt;
              &lt;Attribute&gt;
                &lt;Name&gt;class&lt;/Name&gt;
                &lt;AttributeValue&gt;mobileBody&lt;/AttributeValue&gt;
              &lt;/Attribute&gt;
            &lt;/CellAttributes&gt;
          &lt;/Cell&gt;
        &lt;/Row&gt;
        
        &lt;TableAttributes&gt;
          &lt;Attribute&gt;
            &lt;Name&gt;cellpadding&lt;/Name&gt;
            &lt;AttributeValue&gt;0&lt;/AttributeValue&gt;
          &lt;/Attribute&gt;
          &lt;Attribute&gt;
            &lt;Name&gt;cellspacing&lt;/Name&gt;
            &lt;AttributeValue&gt;0&lt;/AttributeValue&gt;
          &lt;/Attribute&gt;
          &lt;Attribute&gt;
            &lt;Name&gt;border&lt;/Name&gt;
            &lt;AttributeValue&gt;0&lt;/AttributeValue&gt;
          &lt;/Attribute&gt;
          &lt;Attribute&gt;
            &lt;Name&gt;width&lt;/Name&gt;
            &lt;AttributeValue&gt;100%&lt;/AttributeValue&gt;
          &lt;/Attribute&gt;
        &lt;/TableAttributes&gt;
    
        &lt;Epilog&gt;
        &lt;Value&gt;&amp;lt;div id="detailPopup" class="detailRolloverPopup" onmouseout="detailRolloverPopupClose();" onmouseover="clearTimeout(gPopupTimer);"&amp;gt;&amp;lt;/div&amp;gt;          
        &amp;lt;asp:ValidationSummary id="ValidationSummary1" ShowMessageBox="true" ShowSummary="false" runat="server"&amp;gt;&amp;lt;/asp:ValidationSummary&amp;gt;
    &amp;lt;/asp:Content&amp;gt;
          &lt;/Value&gt;
        &lt;/Epilog&gt;
      &lt;/Layout&gt;

      &lt;Layout Name="SignOutPanelTitleAndButtons" Type="Panel"&gt;
        &lt;Row&gt;
          &lt;Cell&gt;
            &lt;Value&gt;&amp;lt;GEN:BUTTON NAME="MenuButton"/&amp;gt;&lt;/Value&gt;
            &lt;CellAttributes&gt;
              &lt;Attribute&gt;
                &lt;Name&gt;class&lt;/Name&gt;
                &lt;AttributeValue&gt;mobileHeaderLeft&lt;/AttributeValue&gt;
              &lt;/Attribute&gt;
            &lt;/CellAttributes&gt;
          &lt;/Cell&gt;

		  &lt;Cell&gt;
            &lt;Value&gt;&amp;lt;GEN:HTML NAME="DialogTitle"/&amp;gt;&lt;/Value&gt;
            &lt;CellAttributes&gt;
              &lt;Attribute&gt;
                &lt;Name&gt;class&lt;/Name&gt;
                &lt;AttributeValue&gt;mobileHeaderTitle&lt;/AttributeValue&gt;
              &lt;/Attribute&gt;
            &lt;/CellAttributes&gt;
          &lt;/Cell&gt;
          &lt;Cell&gt;
            &lt;Value&gt;&lt;/Value&gt;
            &lt;CellAttributes&gt;
              &lt;Attribute&gt;
                &lt;Name&gt;class&lt;/Name&gt;
                &lt;AttributeValue&gt;mobileHeaderRight&lt;/AttributeValue&gt;
              &lt;/Attribute&gt;
            &lt;/CellAttributes&gt;
          &lt;/Cell&gt;
        &lt;/Row&gt;
        &lt;TableAttributes&gt;
          &lt;Attribute&gt;
            &lt;Name&gt;cellpadding&lt;/Name&gt;
            &lt;AttributeValue&gt;0&lt;/AttributeValue&gt;
          &lt;/Attribute&gt;
          &lt;Attribute&gt;
            &lt;Name&gt;cellspacing&lt;/Name&gt;
            &lt;AttributeValue&gt;0&lt;/AttributeValue&gt;
          &lt;/Attribute&gt;
          &lt;Attribute&gt;
            &lt;Name&gt;border&lt;/Name&gt;
            &lt;AttributeValue&gt;0&lt;/AttributeValue&gt;
          &lt;/Attribute&gt;
          &lt;Attribute&gt;
            &lt;Name&gt;width&lt;/Name&gt;
            &lt;AttributeValue&gt;100%&lt;/AttributeValue&gt;
          &lt;/Attribute&gt;
              &lt;Attribute&gt;
                &lt;Name&gt;class&lt;/Name&gt;
                &lt;AttributeValue&gt;mobileHeader&lt;/AttributeValue&gt;
              &lt;/Attribute&gt;
        &lt;/TableAttributes&gt;
        
      &lt;/Layout&gt;
         
      &lt;Layout Name="SignOutPanelControl" Type="Panel"&gt;
        &lt;Prolog&gt;
            &lt;Value&gt;&amp;lt;asp:panel id="SignOutCollapsibleRegion" runat="server"&amp;gt;&lt;/Value&gt;
        &lt;/Prolog&gt;
        &lt;Epilog&gt;
            &lt;Value&gt;&amp;lt;/asp:panel&amp;gt;&lt;/Value&gt;				
        &lt;/Epilog&gt;
        &lt;Row&gt;
          &lt;Cell&gt;
            &lt;Value&gt;&amp;lt;GEN:Label Name="SignOutMessage"/&amp;gt;&amp;lt;br/&amp;gt;&amp;lt;br /&amp;gt;&lt;/Value&gt;
            &lt;CellAttributes&gt;
            &lt;Attribute&gt;
                &lt;Name&gt;class&lt;/Name&gt;
                &lt;AttributeValue&gt;mobileBodyText&lt;/AttributeValue&gt;
                &lt;/Attribute&gt;
            &lt;/CellAttributes&gt;
          &lt;/Cell&gt;
        &lt;/Row&gt;
        &lt;Row&gt;
          &lt;Cell&gt;
            &lt;Value&gt;&amp;lt;GEN:BUTTON NAME="ForgetSignInButton"/&amp;gt;&lt;/Value&gt;
            &lt;CellAttributes&gt;
    &lt;/CellAttributes&gt;
          &lt;/Cell&gt;
        &lt;/Row&gt;

        &lt;Row&gt;
          &lt;Cell&gt;
            &lt;Value&gt;&amp;lt;br /&amp;gt;&amp;lt;asp:Label id="CloseWindowMessage" runat="server" Text=&amp;lt;%# GetResourceValue(&amp;amp;quot;Txt:CloseWindowMessage&amp;amp;quot;, &amp;amp;quot;CMStTrafficSafety&amp;amp;quot;) %&amp;gt;/&amp;gt;&amp;amp;nbsp;&lt;/Value&gt;
            &lt;CellAttributes&gt;
            &lt;Attribute&gt;
            &lt;Name&gt;class&lt;/Name&gt;
            &lt;AttributeValue&gt;mobileBodyText&lt;/AttributeValue&gt;
          &lt;/Attribute&gt;
          &lt;/CellAttributes&gt;
          &lt;/Cell&gt;
        &lt;/Row&gt;
        &lt;TableAttributes&gt;
          &lt;Attribute&gt;
            &lt;Name&gt;cellpadding&lt;/Name&gt;
            &lt;AttributeValue&gt;0&lt;/AttributeValue&gt;
          &lt;/Attribute&gt;
          &lt;Attribute&gt;
            &lt;Name&gt;cellspacing&lt;/Name&gt;
            &lt;AttributeValue&gt;0&lt;/AttributeValue&gt;
          &lt;/Attribute&gt;
          &lt;Attribute&gt;
            &lt;Name&gt;border&lt;/Name&gt;
            &lt;AttributeValue&gt;0&lt;/AttributeValue&gt;
          &lt;/Attribute&gt;
          &lt;Attribute&gt;
            &lt;Name&gt;width&lt;/Name&gt;
            &lt;AttributeValue&gt;100%&lt;/AttributeValue&gt;
          &lt;/Attribute&gt;
              &lt;Attribute&gt;
                &lt;Name&gt;class&lt;/Name&gt;
                &lt;AttributeValue&gt;mobileBody&lt;/AttributeValue&gt;
              &lt;/Attribute&gt;
        &lt;/TableAttributes&gt;
      &lt;/Layout&gt;
         
    &lt;/LayoutDefinition&gt;]]&gt;
  </LayoutDefinition>

</ComponentDefinition>