﻿<?xml version="1.0" encoding="UTF-8" standalone="no"?>
<ComponentDefinition xmlns:xsi="http://www.w3.org/2001/XMLSchema-instance" xmlns:xsd="http://www.w3.org/2001/XMLSchema" xmlns="http://www.ironspeed.com/designer">
  <Generator>Iron Speed Designer</Generator>
  <Version>9.0.1</Version>
  <Self>
    <Name>SignOut</Name>
    <Type>Page</Type>
    <SubType>DotNet</SubType>
    <MasterLayout>../Master Pages/SIGNIN_MASTER.master</MasterLayout>
    <GenerateDirectory>Security</GenerateDirectory>
    <Layout>Security\SignOut.xml</Layout>
    <DisplayName>SignOut</DisplayName>
    <Description />
    <CheckSum />
  </Self>
  <ComposedOf>
    <ContainedComponent>
      <Name>DialogTitle</Name>
      <Type>Html</Type>
      <PassthroughAttributes>
        <Attribute>
          <Name>HtmlEncodeWhiteSpace</Name>
          <Value>True</Value>
        </Attribute>
        <Attribute>
          <Name>Text</Name>
          <Value>Txt:SignOut</Value>
          <Type>ResourceReference</Type>
        </Attribute>
      </PassthroughAttributes>
    </ContainedComponent>
    <ContainedComponent>
      <Name>ForgetSignInButton</Name>
      <Type>Button</Type>
      <Layout>..\Shared\ThemeButton.html</Layout>
      <PassthroughAttributes>
        <Attribute>
          <Name>Button-CausesValidation</Name>
          <Value>False</Value>
        </Attribute>
        <Attribute>
          <Name>Button-CommandName</Name>
          <Value>ForgetSignInInformation</Value>
        </Attribute>
        <Attribute>
          <Name>Button-Text</Name>
          <Value>Btn:ForgetSignInButton</Value>
          <Type>ResourceReference</Type>
        </Attribute>
        <Attribute>
          <Name>Button-ToolTip</Name>
          <Value>Txt:ForgetSignInButton</Value>
          <Type>ResourceReference</Type>
        </Attribute>
      </PassthroughAttributes>
    </ContainedComponent>
    <ContainedComponent>
      <Name>OKButton</Name>
      <Type>Button</Type>
      <Layout>..\Shared\ThemeButton.html</Layout>
      <PassthroughAttributes>
        <Attribute>
          <Name>Button-CausesValidation</Name>
          <Value>False</Value>
        </Attribute>
        <Attribute>
          <Name>Button-RedirectURL</Name>
          <Value>../Default.aspx</Value>
        </Attribute>
        <Attribute>
          <Name>Button-Text</Name>
          <Value>Btn:OK</Value>
          <Type>ResourceReference</Type>
        </Attribute>
        <Attribute>
          <Name>Button-ToolTip</Name>
          <Value>Btn:OK</Value>
          <Type>ResourceReference</Type>
        </Attribute>
      </PassthroughAttributes>
    </ContainedComponent>
    <ContainedComponent>
      <Name>PageTitle</Name>
      <Type>Literal</Type>
      <PassthroughAttributes>
        <Attribute>
          <Name>Text</Name>
          <Value>{Title:SignOut}</Value>
        </Attribute>
      </PassthroughAttributes>
    </ContainedComponent>
    <ContainedComponent>
      <Name>SignOutMessage</Name>
      <Type>Label</Type>
      <PassthroughAttributes>
        <Attribute>
          <Name>Text</Name>
          <Value>Txt:SuccessfullySignOut</Value>
          <Type>ResourceReference</Type>
        </Attribute>
      </PassthroughAttributes>
    </ContainedComponent>
  </ComposedOf>
  <LayoutDefinition>&lt;![CDATA[&lt;?xml version="1.0" encoding="utf-16"?&gt;
    &lt;LayoutDefinition xmlns:xsi="http://www.w3.org/2001/XMLSchema-instance" xmlns:xsd="http://www.w3.org/2001/XMLSchema"&gt;
    
      &lt;Layout Name="Page" Type="RootLayout"&gt;
        &lt;Prolog&gt;
          &lt;Value&gt;&amp;lt;asp:Content id="Content" ContentPlaceHolderID="PageContent" runat="server"&amp;gt;
    &amp;lt;a id="StartOfPageContent"&amp;gt;&amp;lt;/a&amp;gt;
          &lt;/Value&gt;
        &lt;/Prolog&gt;
          
        &lt;Row&gt;
          &lt;Cell&gt;
            &lt;Value&gt;&amp;lt;GEN:PANEL NAME="SignOutPanelHeaderGroup"/&amp;gt;&lt;/Value&gt;
            &lt;CellAttributes&gt;
              &lt;Attribute&gt;
                &lt;Name&gt;class&lt;/Name&gt;
                &lt;AttributeValue&gt;dh&lt;/AttributeValue&gt;
              &lt;/Attribute&gt;
			  
            &lt;/CellAttributes&gt;
          &lt;/Cell&gt;
        &lt;/Row&gt;
    
        &lt;Row&gt;
          &lt;Cell&gt;
            &lt;Value&gt;&amp;lt;GEN:PANEL NAME="SignOutPanelControl"/&amp;gt;&lt;/Value&gt;
            &lt;CellAttributes&gt;
              &lt;Attribute&gt;
                &lt;Name&gt;class&lt;/Name&gt;
                &lt;AttributeValue&gt;dBody&lt;/AttributeValue&gt;
              &lt;/Attribute&gt;
            &lt;/CellAttributes&gt;
          &lt;/Cell&gt;
        &lt;/Row&gt;
        
        &lt;TableAttributes&gt;
          &lt;Attribute&gt;
            &lt;Name&gt;class&lt;/Name&gt;
            &lt;AttributeValue&gt;dv&lt;/AttributeValue&gt;
          &lt;/Attribute&gt;
          &lt;Attribute&gt;
            &lt;Name&gt;cellpadding&lt;/Name&gt;
            &lt;AttributeValue&gt;0&lt;/AttributeValue&gt;
          &lt;/Attribute&gt;
          &lt;Attribute&gt;
            &lt;Name&gt;cellspacing&lt;/Name&gt;
            &lt;AttributeValue&gt;0&lt;/AttributeValue&gt;
          &lt;/Attribute&gt;
          &lt;Attribute&gt;
            &lt;Name&gt;border&lt;/Name&gt;
            &lt;AttributeValue&gt;0&lt;/AttributeValue&gt;
          &lt;/Attribute&gt;
        &lt;/TableAttributes&gt;
    
        &lt;Epilog&gt;
					
          &lt;Value&gt;&amp;lt;div id="detailPopup" class="detailRolloverPopup" onmouseout="detailRolloverPopupClose();" onmouseover="clearTimeout(gPopupTimer);"&amp;gt;&amp;lt;/div&amp;gt;
          &amp;lt;asp:ValidationSummary id="ValidationSummary1" ShowMessageBox="true" ShowSummary="false" runat="server"&amp;gt;&amp;lt;/asp:ValidationSummary&amp;gt;
&amp;lt;/asp:Content&amp;gt;
          &lt;/Value&gt;
        &lt;/Epilog&gt;
      &lt;/Layout&gt;
      
      &lt;Layout Name="SignOutPanelHeaderGroup" Type="Panel"&gt;
        &lt;Row&gt;
          &lt;Cell&gt;
            &lt;Value&gt;&amp;lt;img src="../Images/space.gif" alt=""/&amp;gt;&lt;/Value&gt;
            &lt;CellAttributes&gt;
              &lt;Attribute&gt;
                &lt;Name&gt;class&lt;/Name&gt;
                &lt;AttributeValue&gt;dhel&lt;/AttributeValue&gt;
              &lt;/Attribute&gt;
            &lt;/CellAttributes&gt;
          &lt;/Cell&gt;
          &lt;Cell&gt;
            &lt;Value&gt;&amp;lt;asp:CollapsiblePanelExtender id="SignOutCPExtender" runat="server" TargetControlid="SignOutCollapsibleRegion" ExpandControlID="SignOutToggleIcon" CollapseControlID="SignOutToggleIcon" ImageControlID="SignOutToggleIcon" ExpandedImage="../images/icon_panelcollapse.gif" CollapsedImage="../images/icon_panelexpand.gif" SuppressPostBack="true"/&amp;gt;
                        &amp;lt;asp:ImageButton id="SignOutToggleIcon" runat="server" ToolTip="&amp;lt;%# GetResourceValue(&amp;amp;quot;Btn:ExpandCollapse&amp;amp;quot;, &amp;amp;quot;CMStTrafficSafety&amp;amp;quot;) %&amp;gt;" causesvalidation="False" imageurl="../images/icon_panelcollapse.gif" /&amp;gt;
            &lt;/Value&gt;
            &lt;CellAttributes&gt;
              &lt;Attribute&gt;
                &lt;Name&gt;class&lt;/Name&gt;
                &lt;AttributeValue&gt;dheci&lt;/AttributeValue&gt;
              &lt;/Attribute&gt;
              &lt;Attribute&gt;
                &lt;Name&gt;valign&lt;/Name&gt;
                &lt;AttributeValue&gt;middle&lt;/AttributeValue&gt;
              &lt;/Attribute&gt;
            &lt;/CellAttributes&gt;
          &lt;/Cell&gt;
		  &lt;Cell&gt;
            &lt;Value&gt;&amp;lt;GEN:PANEL NAME="SignOutTitleGroup"/&amp;gt;&lt;/Value&gt;
            &lt;CellAttributes&gt;
              &lt;Attribute&gt;
                &lt;Name&gt;class&lt;/Name&gt;
                &lt;AttributeValue&gt;dhb&lt;/AttributeValue&gt;
              &lt;/Attribute&gt;
            &lt;/CellAttributes&gt;
          &lt;/Cell&gt;
          &lt;Cell&gt;
            &lt;Value&gt;&amp;lt;img src="../Images/space.gif" alt=""/&amp;gt;&lt;/Value&gt;
            &lt;CellAttributes&gt;
              &lt;Attribute&gt;
                &lt;Name&gt;class&lt;/Name&gt;
                &lt;AttributeValue&gt;dher&lt;/AttributeValue&gt;
              &lt;/Attribute&gt;
            &lt;/CellAttributes&gt;
          &lt;/Cell&gt;
        &lt;/Row&gt;
        &lt;TableAttributes&gt;
          &lt;Attribute&gt;
            &lt;Name&gt;cellpadding&lt;/Name&gt;
            &lt;AttributeValue&gt;0&lt;/AttributeValue&gt;
          &lt;/Attribute&gt;
          &lt;Attribute&gt;
            &lt;Name&gt;cellspacing&lt;/Name&gt;
            &lt;AttributeValue&gt;0&lt;/AttributeValue&gt;
          &lt;/Attribute&gt;
          &lt;Attribute&gt;
            &lt;Name&gt;border&lt;/Name&gt;
            &lt;AttributeValue&gt;0&lt;/AttributeValue&gt;
          &lt;/Attribute&gt;
          &lt;Attribute&gt;
            &lt;Name&gt;width&lt;/Name&gt;
            &lt;AttributeValue&gt;100%&lt;/AttributeValue&gt;
          &lt;/Attribute&gt;
        &lt;/TableAttributes&gt;
      &lt;/Layout&gt;
	  
	  &lt;Layout Name="SignOutTitleGroup" Type="Panel"&gt;
	     &lt;Row&gt;
			&lt;Cell&gt;
            &lt;Value&gt;&amp;lt;GEN:HTML NAME="DialogTitle"/&amp;gt;&lt;/Value&gt;
            &lt;CellAttributes&gt;
              &lt;Attribute&gt;
                &lt;Name&gt;class&lt;/Name&gt;
                &lt;AttributeValue&gt;dht&lt;/AttributeValue&gt;
              &lt;/Attribute&gt;
			  &lt;Attribute&gt;
                &lt;Name&gt;valign&lt;/Name&gt;
                &lt;AttributeValue&gt;middle&lt;/AttributeValue&gt;
              &lt;/Attribute&gt;
            &lt;/CellAttributes&gt;
          &lt;/Cell&gt;
	     &lt;/Row&gt;
		 &lt;TableAttributes&gt;
          &lt;Attribute&gt;
            &lt;Name&gt;cellpadding&lt;/Name&gt;
            &lt;AttributeValue&gt;0&lt;/AttributeValue&gt;
          &lt;/Attribute&gt;
          &lt;Attribute&gt;
            &lt;Name&gt;cellspacing&lt;/Name&gt;
            &lt;AttributeValue&gt;0&lt;/AttributeValue&gt;
          &lt;/Attribute&gt;
          &lt;Attribute&gt;
            &lt;Name&gt;border&lt;/Name&gt;
            &lt;AttributeValue&gt;0&lt;/AttributeValue&gt;
          &lt;/Attribute&gt;
       &lt;/TableAttributes&gt;
	  &lt;/Layout&gt; 
		 
         
      &lt;Layout Name="SignOutPanelControl" Type="Panel"&gt;
        &lt;Prolog&gt;
            &lt;Value&gt;&amp;lt;asp:panel id="SignOutCollapsibleRegion" runat="server"&amp;gt;&lt;/Value&gt;
        &lt;/Prolog&gt;
        &lt;Epilog&gt;
            &lt;Value&gt;&amp;lt;/asp:panel&amp;gt;&lt;/Value&gt;				
        &lt;/Epilog&gt;
        &lt;Row&gt;
          &lt;Cell&gt;
            &lt;Value&gt;&amp;lt;GEN:Label Name="SignOutMessage"/&amp;gt;&amp;lt;br/&amp;gt;&amp;lt;br /&amp;gt;&lt;/Value&gt;
          &lt;/Cell&gt;
        &lt;/Row&gt;
        &lt;Row&gt;
          &lt;Cell&gt;
            &lt;Value&gt;&amp;lt;GEN:Button NAME="ForgetSignInButton"/&amp;gt;&lt;/Value&gt;
            &lt;CellAttributes&gt;
              &lt;Attribute&gt;
                &lt;Name&gt;align&lt;/Name&gt;
                &lt;AttributeValue&gt;center&lt;/AttributeValue&gt;
              &lt;/Attribute&gt;
            &lt;/CellAttributes&gt;
          &lt;/Cell&gt;
        &lt;/Row&gt;
        &lt;Row&gt;
          &lt;Cell&gt;
            &lt;Value&gt;&amp;lt;GEN:PANEL NAME="PageButtons"/&amp;gt;&lt;/Value&gt;
          &lt;/Cell&gt;
        &lt;/Row&gt;
        &lt;Row&gt;
          &lt;Cell&gt;
            &lt;Value&gt;&amp;lt;asp:Label id="CloseWindowMessage" runat="server" Text=&amp;lt;%# GetResourceValue(&amp;amp;quot;Txt:CloseWindowMessage&amp;amp;quot;, &amp;amp;quot;CMStTrafficSafety&amp;amp;quot;) %&amp;gt;/&amp;gt;&amp;amp;nbsp;&lt;/Value&gt;
          &lt;/Cell&gt;
        &lt;/Row&gt;
        &lt;TableAttributes&gt;
          &lt;Attribute&gt;
            &lt;Name&gt;cellpadding&lt;/Name&gt;
            &lt;AttributeValue&gt;0&lt;/AttributeValue&gt;
          &lt;/Attribute&gt;
          &lt;Attribute&gt;
            &lt;Name&gt;cellspacing&lt;/Name&gt;
            &lt;AttributeValue&gt;0&lt;/AttributeValue&gt;
          &lt;/Attribute&gt;
          &lt;Attribute&gt;
            &lt;Name&gt;border&lt;/Name&gt;
            &lt;AttributeValue&gt;0&lt;/AttributeValue&gt;
          &lt;/Attribute&gt;
          &lt;Attribute&gt;
            &lt;Name&gt;width&lt;/Name&gt;
            &lt;AttributeValue&gt;325&lt;/AttributeValue&gt;
          &lt;/Attribute&gt;
        &lt;/TableAttributes&gt;
      &lt;/Layout&gt;
         
      &lt;Layout Name="PageButtons" Type="PageButton"&gt;
        &lt;Row&gt;
          &lt;Cell&gt;
            &lt;Value&gt;&amp;lt;GEN:BUTTON NAME="OKButton"/&amp;gt;&lt;/Value&gt;
          &lt;/Cell&gt;
          &lt;Cell&gt;
            &lt;Value&gt;&amp;lt;GEN:BUTTON NAME="CancelButton"/&amp;gt;&lt;/Value&gt;
          &lt;/Cell&gt;
        &lt;/Row&gt;
        &lt;TableAttributes&gt;
          &lt;Attribute&gt;
            &lt;Name&gt;cellpadding&lt;/Name&gt;
            &lt;AttributeValue&gt;0&lt;/AttributeValue&gt;
          &lt;/Attribute&gt;
          &lt;Attribute&gt;
            &lt;Name&gt;cellspacing&lt;/Name&gt;
            &lt;AttributeValue&gt;0&lt;/AttributeValue&gt;
          &lt;/Attribute&gt;
          &lt;Attribute&gt;
            &lt;Name&gt;border&lt;/Name&gt;
            &lt;AttributeValue&gt;0&lt;/AttributeValue&gt;
          &lt;/Attribute&gt;
          &lt;Attribute&gt;
            &lt;Name&gt;style&lt;/Name&gt;
            &lt;AttributeValue&gt;padding-top:10px; padding-bottom:5px;&lt;/AttributeValue&gt;
          &lt;/Attribute&gt;
          &lt;Attribute&gt;
            &lt;Name&gt;align&lt;/Name&gt;
            &lt;AttributeValue&gt;center&lt;/AttributeValue&gt;
          &lt;/Attribute&gt;
        &lt;/TableAttributes&gt;
      &lt;/Layout&gt;
    &lt;/LayoutDefinition&gt;]]&gt;
  </LayoutDefinition>
</ComponentDefinition>